clip_id,source,label,kind,bg_in,bg_out,eyes_in,eyes_out,mouth_in,mouth_out,boundary_in,boundary_out,face_in,face_out
000_003__control,Deepfakes,1,control,0.0014754989339659612,0.0033534577491760287,0.055719235291083656,0.030921922162988114,0.02165458258241415,0.033362297759533435,0.015537962007025877,0.02399164156680453,0.012728152175744375,0.015360102503386847
000_003__dissolve16,Deepfakes,1,dissolve16,0.02126863831654191,0.0022922188017598707,0.04905869858339429,0.031109218226827103,0.05563696281751618,0.03193098742478681,0.04683470900636166,0.021151536288987666,0.03931893827393651,0.015019161023145306
000_003__dissolve32,Deepfakes,1,dissolve32,0.011690857441863045,0.0021423704503371714,0.034449472615960985,0.033586094795522846,0.03726683187414892,0.03614507860707483,0.031200225377688184,0.023665748080292225,0.025612957979319617,0.01641098920512816
000_003__dissolve64,Deepfakes,1,dissolve64,0.006459956828621216,0.0024399981823411175,0.03029946986498544,0.03282718155453701,0.029830751416739076,0.03426345314153216,0.024774825680651702,0.022541980030523105,0.02003641550982138,0.01547793213870715
000_003__dissolve8,Deepfakes,1,dissolve8,0.03766522416844964,0.00229626059923363,0.07129577337764204,0.030266992702685833,0.0906702559441328,0.030930701949474244,0.07352689700201154,0.020996880560257548,0.06318388017825782,0.014615277214361741
000_003__fade16,Deepfakes,1,fade16,0.05039698432665318,0.002293521143355886,0.041091520979534835,0.03112001532973559,0.04806459846440703,0.032864594704910065,0.057434669812209904,0.02150746431536249,0.055533821403514594,0.015216624640036844
000_003__fade32,Deepfakes,1,fade32,0.02559421953628771,0.002151670302371441,0.02399761349079199,0.03345613620222557,0.02787497529061511,0.03474289200257981,0.030847600632114336,0.022923600105247622,0.029846073826774955,0.016185093783484452
000_003__fade8,Deepfakes,1,fade8,0.09284382686018944,0.0022910695466913517,0.07154593314044178,0.03140055230186271,0.07907286833506078,0.033331655779736,0.10281115118414164,0.0220921186369483,0.09906918741762638,0.015477131435496581
000_003__hard_cut,Deepfakes,1,hard_cut,0.11442250259763871,0.002480636324666409,0.16056020557880402,0.030539648511675895,0.154918206234773,0.03155453002348668,0.18654875457286835,0.021414713150726915,0.12985790024201074,0.01493511095019531
003_000__control,Deepfakes,1,control,0.0009366944044207534,0.0019402403904369763,0.016401297878473997,0.02917426551289667,0.013231406764437756,0.030792026508252246,0.010643904097378254,0.02009285567328334,0.007592305696258943,0.01440929754053132
003_000__dissolve16,Deepfakes,1,dissolve16,0.014372895122505724,0.0020382163952357923,0.04572432255372405,0.036828536648773454,0.05387068766867742,0.033400130634494485,0.05256323440698907,0.01917647356077016,0.04251197891426273,0.015141656373636526
003_000__dissolve32,Deepfakes,1,dissolve32,0.008180720906239003,0.002059442424697095,0.04161334004311357,0.03678413274585558,0.04318145879369695,0.035011852979017745,0.037285571117536165,0.01999487799603021,0.030789771961281076,0.015581835591202152
003_000__dissolve64,Deepfakes,1,dissolve64,0.004524844651314197,0.0025047289588573302,0.02825840226796572,0.03675393040545962,0.030044220489799045,0.03396194755015048,0.02488585968967527,0.02064608106897636,0.0200820539794222,0.015426816655830903
003_000__dissolve8,Deepfakes,1,dissolve8,0.02583642886020243,0.0021722162743350744,0.06094865081831813,0.0350403557741293,0.06558501301333308,0.03205509551775616,0.06114393612369895,0.01907246191524439,0.05246950266882777,0.01493799764461614
003_000__fade16,Deepfakes,1,fade16,0.036509214085526764,0.0020443119195705842,0.05278453868231736,0.03690886120447545,0.04657976029557176,0.033534397027518564,0.05174810724565759,0.019783101367845553,0.05638904694933444,0.015387286649094624
003_000__fade32,Deepfakes,1,fade32,0.019662024584249593,0.002065941491351602,0.03030156910972437,0.03670048894596168,0.03029571459046565,0.03269370448850523,0.026394480926683173,0.01947212827809412,0.0307083662628429,0.015225581739140653
003_000__fade8,Deepfakes,1,fade8,0.06565280491486192,0.0021800331893033005,0.09759686910547316,0.03797793420669329,0.08538355655036867,0.03444619379887307,0.10489885532297194,0.019829474773408996,0.10254545509815216,0.015864763232703145
003_000__hard_cut,Deepfakes,1,hard_cut,0.07817746741541971,0.002231432176274011,0.15929591904083887,0.03658652234569949,0.17729695638020834,0.03217285231024153,0.21936682860056558,0.019219714130069745,0.17954125503698984,0.015098806754764865
012_026__control,Deepfakes,1,control,0.0015858136272678773,0.002040791164460134,0.04042286425828934,0.05151590931039872,0.03868921846151352,0.04246881141690379,0.014468196779489517,0.01831819963941382,0.017875206967194874,0.018798129739618655
012_026__dissolve16,Deepfakes,1,dissolve16,0.01736574328970164,0.0022119898705074146,0.06887287262361497,0.031670338899186516,0.06897143094101921,0.03501685215974028,0.05974298808723688,0.01661263417127063,0.059210278326645494,0.014703081875533154
012_026__dissolve32,Deepfakes,1,dissolve32,0.009927270584739745,0.002150483880374024,0.04809018399100751,0.03389519608269135,0.050432298972737044,0.033861014146314955,0.040181615797337145,0.016864034630914872,0.037863052100874484,0.014999494861126289
012_026__dissolve64,Deepfakes,1,dissolve64,0.005867450301593635,0.0021686876668933442,0.04088601942930836,0.035579942048273305,0.04299481262569316,0.030355360981246287,0.027095704281236976,0.01617787436328151,0.02725273571559228,0.01452532574873079
012_026__dissolve8,Deepfakes,1,dissolve8,0.03203990962356329,0.0022487788291245298,0.08612037124112248,0.03581867266765183,0.09928033757023513,0.03567139051334412,0.09156992612406611,0.017927860002125706,0.08710353192873299,0.015976756391627295
012_026__fade16,Deepfakes,1,fade16,0.04319719353225082,0.0022232847483783453,0.04936304141301662,0.03344502182026367,0.050577804329805076,0.03420994898250091,0.04157667531399056,0.016364627703120117,0.050733931828290224,0.014874972086580633
012_026__fade32,Deepfakes,1,fade32,0.022849046654300764,0.0021711059882112875,0.02767598512582481,0.0354982103627903,0.030288038004073314,0.035130870025390865,0.02201397951284889,0.016552454524341672,0.027497156130266376,0.01529445569298562
012_026__fade8,Deepfakes,1,fade8,0.07771614682860672,0.0022505407540446467,0.08551162015646696,0.03405431826674455,0.09477194491773844,0.03521823976188898,0.0857796473428607,0.01729208401714762,0.09394137724302709,0.0153931741778915
012_026__hard_cut,Deepfakes,1,hard_cut,0.09760067220001171,0.0022145682917236965,0.20039045810699463,0.03435821696658129,0.2071800877650579,0.034079140337318244,0.20632504920164743,0.017835063626989722,0.1884237378835678,0.015535038339479243
015_919__control,Deepfakes,1,control,0.010525684803724289,0.010645137113219096,0.032086050137877464,0.028417561787291098,0.03712816474338373,0.03147323133613346,0.021849367767572403,0.015169877113016733,0.016775081555048626,0.013838824476667885
015_919__dissolve16,Deepfakes,1,dissolve16,0.014367396652232856,0.005544562328457651,0.027595084975473583,0.03323946613818407,0.04019574914127588,0.032339548172194116,0.028489348653238267,0.014328587271309303,0.022142117260955274,0.015119235135289361
015_919__dissolve32,Deepfakes,1,dissolve32,0.010285971176926978,0.005494586014939505,0.02778435978689231,0.032619173627817764,0.0292700418503955,0.03257658335797746,0.021800345406518318,0.013549718253806919,0.017796153581002727,0.014881914433348796
015_919__dissolve64,Deepfakes,1,dissolve64,0.008196256661904044,0.005379360758921724,0.028542048916278873,0.03387410393492742,0.026417787055834197,0.03322860854254527,0.015909323810774367,0.013199461018666625,0.015508474360103719,0.014764567066661335
015_919__dissolve8,Deepfakes,1,dissolve8,0.022349347360432148,0.005562949611680574,0.04579593311063945,0.03230717261363794,0.062099683564156294,0.03177602172971846,0.041284502716735005,0.013849766207607212,0.03260049922391772,0.01469868691722015
015_919__fade16,Deepfakes,1,fade16,0.03440169332316145,0.00555446836249722,0.04134011530550197,0.0312832730315915,0.043967802077531815,0.030489702564347715,0.042416370240971446,0.013330193871668386,0.0543567935237661,0.014443932035576227
015_919__fade32,Deepfakes,1,fade32,0.019209524602047168,0.005492552695561725,0.02473811144591309,0.03362658689462248,0.026448704724316485,0.03281362547442831,0.023529344085545745,0.013279345266563797,0.029835234294296242,0.014955155147325205
015_919__fade8,Deepfakes,1,fade8,0.060080407187342644,0.005566285344979701,0.06917367456480861,0.033426593653522095,0.076333983335644,0.031917240223134156,0.07745444239117205,0.01375396892654936,0.09706098563037813,0.01494300322447744
015_919__hard_cut,Deepfakes,1,hard_cut,0.05847839502772937,0.005598468723523399,0.10338801393906276,0.03209631046738034,0.16385503113269806,0.030388566010268563,0.09765688578287761,0.013631997781931976,0.08509375900030136,0.014475348058267164
024_073__control,Deepfakes,1,control,0.0013986919075250626,0.0025086528175190816,0.013313446193933487,0.021053429065524775,0.018124018795788288,0.024904832261677643,0.009346569733073315,0.015134977528004575,0.008150752323369185,0.011812498169493372
024_073__dissolve16,Deepfakes,1,dissolve16,0.01970639848150313,0.0012150529692360897,0.03567360510351136,0.021870525124329097,0.04547366360202432,0.021048562696149336,0.02984375669620931,0.015070735463348119,0.030052696878556162,0.01248341112949171
024_073__dissolve32,Deepfakes,1,dissolve32,0.010505795915378258,0.0011464972376834131,0.02467802718456369,0.021619113900795066,0.0313576671469491,0.020415877029513835,0.022909257822902873,0.01577357685022142,0.02091697562718764,0.012572783008003715
024_073__dissolve64,Deepfakes,1,dissolve64,0.005907374819798861,0.0010482362624977461,0.02531894658022793,0.01693938975434073,0.028422406772733666,0.018535298396917907,0.019170402898453176,0.01256820577704771,0.0184583911250229,0.00961166171526367
024_073__dissolve8,Deepfakes,1,dissolve8,0.0332147276494652,0.00127014752607457,0.05806976347230375,0.0212203625270778,0.07785374764353037,0.02198691613686917,0.05039773974567652,0.015953239661784056,0.04984634951688349,0.012804938499136147
024_073__fade16,Deepfakes,1,fade16,0.03379221900831908,0.001216544890075524,0.03780099638970569,0.02043093599885413,0.04853856097906828,0.02198936760841498,0.03901199088431895,0.015767428757243074,0.04954073089174926,0.012577696949767979
024_073__fade32,Deepfakes,1,fade32,0.017483579693362117,0.0011622369498142909,0.02066207143070642,0.021438491953558278,0.02751495897246059,0.021186086482999997,0.022296393144642934,0.015016573681977802,0.02683499435079284,0.012320677899680603
024_073__fade8,Deepfakes,1,fade8,0.06106397556141019,0.0012641793773992005,0.06890644249506295,0.02092683108666123,0.09378533763810992,0.020913867856719875,0.07366535579785705,0.015696998874379975,0.08950547035783529,0.012428779352187842
024_073__hard_cut,Deepfakes,1,hard_cut,0.09964351592740665,0.00155229196302648,0.17734840512275696,0.021617118742758946,0.16993803530931473,0.02141523518070768,0.11703383798400561,0.0157968135436176,0.11932186658183734,0.012719579972326756
026_012__control,Deepfakes,1,control,0.0005001800309401006,0.0007925391455192781,0.02128744249542554,0.02307153241393172,0.021995942418773968,0.023908502238771043,0.02280157369871934,0.018183823197417088,0.01570404538263877,0.014715882302340815
026_012__dissolve16,Deepfakes,1,dissolve16,0.012675843841861933,0.0008140836234285849,0.042599832522682846,0.024434679323463764,0.04912741016596556,0.021906246447560458,0.03098916809540242,0.015535523871963537,0.03115248738322407,0.01340126683393005
026_012__dissolve32,Deepfakes,1,dissolve32,0.006826849872595631,0.0007922198602009093,0.030643725564004853,0.022793238393791104,0.03265610244125128,0.01987522139197922,0.022895516216522083,0.013993434587911028,0.02147358181537129,0.012193869976005677
026_012__dissolve64,Deepfakes,1,dissolve64,0.0038895298894203734,0.0006835272763220763,0.026498525316128507,0.022440890133888884,0.026122261348064058,0.018982759420759977,0.02088096366787795,0.012650841239585795,0.017855068144854158,0.011618991488252173
026_012__dissolve8,Deepfakes,1,dissolve8,0.023616481106728315,0.0007978786592715764,0.06629807129502296,0.023179269609721127,0.07354489248245955,0.022161282932486485,0.0449862249661237,0.015934088384850068,0.04879082040861249,0.013184188428829919
026_012__fade16,Deepfakes,1,fade16,0.026616679679136723,0.0008151748308627098,0.035378944128751755,0.02263027822906242,0.046811667911242694,0.020751050924339775,0.04224473860813305,0.014155447138337761,0.05017018999205902,0.012433410460554352
026_012__fade32,Deepfakes,1,fade32,0.014091761244344525,0.0007988923860194654,0.020636110930354334,0.023314248925695818,0.02691287695779465,0.02050700044023922,0.023547063843579963,0.014467023231420966,0.02728794456925243,0.01237840306056642
026_012__fade8,Deepfakes,1,fade8,0.047494330909103155,0.0007941545475471496,0.06473839888349175,0.02227515484906968,0.08450009301304817,0.020903711891019933,0.07503713760524988,0.013900498372947311,0.09143480868078768,0.012317532375622709
026_012__hard_cut,Deepfakes,1,hard_cut,0.07165134094733124,0.0007913900204831576,0.19799364109834036,0.02243899701605156,0.16873965164025626,0.020425534501308733,0.10571055983503659,0.014181511221114168,0.11500943824648857,0.012211881575995457
029_048__control,Deepfakes,1,control,0.0011497124408682187,0.000633703864076455,0.02719541887442271,0.033672391413316384,0.03550535440444946,0.028079017531126738,0.017243902509411175,0.012114596338074464,0.015342237738271555,0.014514106649893605
029_048__dissolve16,Deepfakes,1,dissolve16,0.013572201889473945,0.0006061010453335769,0.058978956076316535,0.037653336391141566,0.04481440770905465,0.03186870635955061,0.06679115968290716,0.016325169421497334,0.05582263047108427,0.01583180477383809
029_048__dissolve32,Deepfakes,1,dissolve32,0.0074918363825418055,0.0006106584872307802,0.045976695721037686,0.038804051060254294,0.036405526305316016,0.029702577687767816,0.03919374686665833,0.01590803526502488,0.03561312647070736,0.015711283097150683
029_048__dissolve64,Deepfakes,1,dissolve64,0.00410438406834146,0.0006767084954348816,0.041347082744323416,0.0348265868823298,0.029976857604196994,0.03387758224271238,0.02982041128052515,0.016157801557247612,0.02519492328428896,0.01566954442215237
029_048__dissolve8,Deepfakes,1,dissolve8,0.02535262773744762,0.0005804185957049003,0.10273442976176739,0.04089493411886799,0.07828909857198596,0.03165282772868129,0.1193800182081759,0.01598754889533125,0.10134475864470005,0.016551580002661458
029_048__fade16,Deepfakes,1,fade16,0.04487253352999687,0.0006174324561408901,0.04444188787601888,0.04060751523382315,0.051539429696276784,0.032550643467755755,0.047376699396409094,0.016928787173667144,0.05791799252619967,0.016678652693336668
029_048__fade32,Deepfakes,1,fade32,0.023730739223537967,0.0006269908740302954,0.028169436496682465,0.042047325018579246,0.03170361649245024,0.03449249217131486,0.02599931445729453,0.017984991513149834,0.03228466866130475,0.017438591195634384
029_048__fade8,Deepfakes,1,fade8,0.07968625170178711,0.0006056885524869997,0.08765679737553,0.04218135705598199,0.09392791660502553,0.033874003831999844,0.09892878355458379,0.017574824686455832,0.1057537435553968,0.017359333710644295
029_048__hard_cut,Deepfakes,1,hard_cut,0.07512447124463506,0.0005615575925222108,0.20856704314549765,0.03866827694117215,0.23411120971043906,0.03122384839489468,0.24243654807408652,0.015958668861411892,0.20501062273979187,0.016105682165381673
035_036__control,Deepfakes,1,control,0.0007169301388785243,0.0006863692236701185,0.04618030662337939,0.022456165779997612,0.031196721519033115,0.018869892130724264,0.018427617227037747,0.011616162235564473,0.01866998306165139,0.01031836561495596
035_036__dissolve16,Deepfakes,1,dissolve16,0.021392510156147182,0.005776959942717069,0.03870064555667341,0.01938860598969662,0.03586578418617137,0.01820122138642281,0.025694587675388902,0.013516020843560256,0.02250130713218823,0.010068386318433343
035_036__dissolve32,Deepfakes,1,dissolve32,0.012818943010643125,0.005815949104993936,0.025844745832728222,0.019702102048269034,0.02425156924437033,0.0180947989942613,0.02000405559374485,0.013236154253519643,0.01615148756536655,0.009919718004249293
035_036__dissolve64,Deepfakes,1,dissolve64,0.008989164045487996,0.005902009752621366,0.021714314454584382,0.01955180166458542,0.019556105384253897,0.020960701422088526,0.016532213609025348,0.015646356606686656,0.013228979645646177,0.010806970023126765
035_036__dissolve8,Deepfakes,1,dissolve8,0.03842944884672761,0.005707269757073624,0.055587132228538394,0.020079762049791245,0.059247932163998485,0.018586822000944667,0.03757610986940563,0.01435589645611676,0.033330287784338,0.010292522732990686
035_036__fade16,Deepfakes,1,fade16,0.04258184693753719,0.005775233183634802,0.0372298409929499,0.019398721583748182,0.03897108929231763,0.018526870256642475,0.0423715264769271,0.014340496750873993,0.045625624392414466,0.010186417119857828
035_036__fade32,Deepfakes,1,fade32,0.023198037466499954,0.005809896636283261,0.02020679604902398,0.0194693942615848,0.022006472085195128,0.01845899695295027,0.023782221753208432,0.014325381224525386,0.02418009688699385,0.010171415931919867
035_036__fade8,Deepfakes,1,fade8,0.07646424137055874,0.005697299950485546,0.05867410567589104,0.019502012640120345,0.06578127550892532,0.018384180686159712,0.075521404389292,0.014135878411465668,0.0790469121420756,0.010121851475691205
035_036__hard_cut,Deepfakes,1,hard_cut,0.11329640830323721,0.005568495218571023,0.14585521072149277,0.020236042418943372,0.10850963741540909,0.018560901117487417,0.0882326823969682,0.014046993043463109,0.07491983349124591,0.010324805799350774
036_035__control,Deepfakes,1,control,0.007250420438746612,0.01023311937085779,0.01745063221702973,0.014650200041784448,0.018640694208443165,0.016642079754708872,0.016108987852931023,0.01365284895192895,0.009940980623165766,0.009266729875057304
036_035__dissolve16,Deepfakes,1,dissolve16,0.020256610354408622,0.00587586130442785,0.04460419178940356,0.02218275943101899,0.030552247306331992,0.019955312296323188,0.04224679071921855,0.01754755715306089,0.0330538543057628,0.013078173122920313
036_035__dissolve32,Deepfakes,1,dissolve32,0.012385026726406068,0.005936841511879459,0.030549379851436242,0.020845784109899367,0.023894319121609442,0.017850444965257214,0.027178547432413325,0.01631514188678314,0.02133332533412613,0.012336465267828483
036_035__dissolve64,Deepfakes,1,dissolve64,0.008671009010868147,0.006205409230791371,0.025490301683021244,0.02177917364646088,0.02059496708898223,0.019948683530938895,0.021899355597270187,0.014676315927962688,0.017451263767725322,0.012243426451459528
036_035__dissolve8,Deepfakes,1,dissolve8,0.03460711659863591,0.005889956861407169,0.06974987406283617,0.02111713824214766,0.048861177172511816,0.0197448815053396,0.0716237046290189,0.016847807232307287,0.0548629981931299,0.012498973012977355
036_035__fade16,Deepfakes,1,fade16,0.04899395804386586,0.0058890109095107585,0.03993257603724487,0.02094842673017128,0.0505020166747272,0.01883218967857617,0.04902342444984242,0.01622836457258,0.055661085760220885,0.012314657429775711
036_035__fade32,Deepfakes,1,fade32,0.026454542676219717,0.0059465818065646825,0.023053030257869978,0.02123264377487117,0.02800464352912968,0.018872149918902795,0.026533202035352588,0.015987221716271562,0.029985758686962072,0.012552955658870867
036_035__fade8,Deepfakes,1,fade8,0.08709904318675399,0.005896935431362205,0.0680562115740031,0.02094189101947589,0.0896512569161132,0.01960017155281159,0.09380516083911061,0.017182726775891742,0.09884925815276802,0.012587718835503265
036_035__hard_cut,Deepfakes,1,hard_cut,0.10116204747464508,0.005943311589485887,0.10109525422255199,0.020369030342839847,0.0798947811126709,0.018664824579037346,0.14470230787992477,0.01713086961634394,0.10651293645302455,0.01230166926664316
044_945__control,Deepfakes,1,control,0.00969460979104042,0.005037563364120137,0.021164342761039734,0.019951522192459995,0.017521931789815426,0.02357239062676869,0.010191652923822403,0.014255718304381028,0.010703230276703835,0.013446632409626144
044_945__dissolve16,Deepfakes,1,dissolve16,0.020958028617314994,0.0020524862047750503,0.06929196126293391,0.021930104650520872,0.0674898074939847,0.024111383187684042,0.07336374977603555,0.026615449132452024,0.07248285028617829,0.01883763048201076
044_945__dissolve32,Deepfakes,1,dissolve32,0.013116004760377109,0.0017554272667387094,0.04654988623224199,0.022420833229847337,0.043943540280452,0.024189443712861372,0.05067141359904781,0.02700132481090125,0.044427200162317604,0.019010889370679514
044_945__dissolve64,Deepfakes,1,dissolve64,0.007852674905734602,0.0019143275625538082,0.03064006716158474,0.02412958150221543,0.03163435711758211,0.023614828148856758,0.033157669779029675,0.028063962633975526,0.028457469525164925,0.01954591038467532
044_945__dissolve8,Deepfakes,1,dissolve8,0.035428622737526894,0.0022748014900145362,0.12001224840059876,0.021627216423685487,0.12827742798253894,0.0240832948931367,0.13284505484625697,0.02603137228419786,0.1315536918118596,0.018546261489055714
044_945__fade16,Deepfakes,1,fade16,0.047576599987223744,0.002050324257528771,0.05482087892790635,0.021904948276006482,0.06725192785961553,0.024097732950942318,0.058813709882088006,0.02623249784347068,0.07260213978588581,0.018854310858126694
044_945__fade32,Deepfakes,1,fade32,0.02525952500582207,0.001755482258259094,0.029453605533607544,0.023239312891516536,0.038388247571645245,0.024282016079530292,0.03240478670340963,0.028128395408349133,0.038825340307084844,0.01952311776086003
044_945__fade8,Deepfakes,1,fade8,0.08722211979329586,0.0022786267703243843,0.1107514716152634,0.021699614881596586,0.1270740358158946,0.024019619101775927,0.11529975244775414,0.026560943263272446,0.13611723110079765,0.01863956174955846
044_945__hard_cut,Deepfakes,1,hard_cut,0.10144490220894416,0.002441038838064819,0.21184919526179632,0.021855057225073294,0.30578430493672687,0.023989798627414946,0.2745160559813182,0.026098473992009284,0.29678277174631756,0.018525903495975722
047_862__control,Deepfakes,1,control,0.00041115003599164385,0.0006693422250371718,0.04443384334445,0.0375929681461041,0.039551351219415665,0.033983285951238694,0.014242870733141899,0.016105178884187145,0.019047696143388748,0.015403885678713746
047_862__dissolve16,Deepfakes,1,dissolve16,0.017950620502233505,0.002614743503850989,0.02659198612673208,0.02133373980629665,0.02429263642989099,0.026523878441578753,0.031321057584136724,0.012713024811480123,0.02856943034566939,0.01110882627284968
047_862__dissolve32,Deepfakes,1,dissolve32,0.010294591396814212,0.0026920140194358713,0.026451489873579703,0.02235120247203814,0.026124844982405193,0.024702311906931472,0.02558134034916293,0.012632642566874066,0.023155832255724818,0.010944515389079848
047_862__dissolve64,Deepfakes,1,dissolve64,0.0067027366858383175,0.0023662842953027312,0.02198987752103676,0.02247639360456643,0.023064811153744813,0.026438144158402628,0.015438461134181125,0.0129259002934718,0.015434845648996998,0.011228389204056426
047_862__dissolve8,Deepfakes,1,dissolve8,0.03255491214804351,0.0025827000653743533,0.026782076805830002,0.02131128859567783,0.034330467227846384,0.025133594650322118,0.036177770933136344,0.011978437739680312,0.04004571493715048,0.0108451816701196
047_862__fade16,Deepfakes,1,fade16,0.04654370388016105,0.002623432991419833,0.03993951377924532,0.023009302400027683,0.050752420094795525,0.025685001877859884,0.04739893227815628,0.013105847097445026,0.05338536232011393,0.011414787786316525
047_862__fade32,Deepfakes,1,fade32,0.02461687961476855,0.0026926923980274044,0.022878050527651794,0.021867382536165887,0.029337595726246946,0.02446991330060851,0.023772001906763762,0.01299615755299877,0.028782361259800382,0.010922714781508535
047_862__fade8,Deepfakes,1,fade8,0.08465157216414809,0.002586179221563381,0.07035981048829854,0.02264746860131717,0.09450800903141499,0.026137793733453093,0.0927784712985158,0.013334894573802615,0.09581711515784264,0.011487748694652272
047_862__hard_cut,Deepfakes,1,hard_cut,0.0991556416071641,0.0025316449031132665,0.14712207267681757,0.022679640416261124,0.15162313977877298,0.027886301107404723,0.2682230919599533,0.012711148446137717,0.1729411780834198,0.01155067299210498
048_029__control,Deepfakes,1,control,0.0009972178377211094,0.0016951158364555971,0.042229353760679565,0.027699000099516015,0.021999647219975788,0.021090013456483512,0.025608571867148083,0.020692771156634187,0.01731671392917633,0.015391080549491917
048_029__dissolve16,Deepfakes,1,dissolve16,0.022558256750926375,0.005044714284346448,0.034896438592113554,0.022560615065390047,0.024042230914346874,0.020694041097970697,0.02892218134365976,0.01763191106005852,0.02289943437790498,0.013472108086751937
048_029__dissolve32,Deepfakes,1,dissolve32,0.013711287116166204,0.0051593653564662514,0.02402829990023747,0.023939298663887828,0.0195547081384575,0.02295504029754592,0.018566814600490034,0.019336346547579628,0.01584587004617788,0.014394015443093818
048_029__dissolve64,Deepfakes,1,dissolve64,0.009382053816807456,0.005257146058350124,0.021198226375418017,0.023155668894336984,0.020617670197680127,0.021788753831589763,0.016462493338622153,0.01962311321192167,0.013978151808260009,0.014207758762958374
048_029__dissolve8,Deepfakes,1,dissolve8,0.03892301116138697,0.005017217004835303,0.05194253195077181,0.02229862317845628,0.03378399205394089,0.0219833184482513,0.04501543706282973,0.0172905114852731,0.034820241620764136,0.013518029551214731
048_029__fade16,Deepfakes,1,fade16,0.0369438937632367,0.005060984284020237,0.03789718262851238,0.022601356074322485,0.04397125623654574,0.022210010058400266,0.04242023918777704,0.018144650631177338,0.05312022636644542,0.013775451454668514
048_029__fade32,Deepfakes,1,fade32,0.019871087366482243,0.005168821029739733,0.021293692756444216,0.02370546292513609,0.026212628064968158,0.02241535443577102,0.02379050823219586,0.017948118900216515,0.029001808077737223,0.014082539901565546
048_029__fade8,Deepfakes,1,fade8,0.06823148811236024,0.005025967293804897,0.06813684245571494,0.02249625657878078,0.0818719461094588,0.023065663797587895,0.07725665019825101,0.017160782437385606,0.09652114380151033,0.013832590291024866
048_029__hard_cut,Deepfakes,1,hard_cut,0.1115314268390648,0.004959346877482041,0.1264954755703608,0.022336434961643892,0.08725895608464877,0.022173608329652223,0.1634234438339869,0.017955465036073415,0.09901629636685054,0.013652042408821062
073_024__control,Deepfakes,1,control,0.0005555323441512883,0.0010026489073456013,0.015442149092753729,0.020151298011700482,0.010445691955586275,0.010851820332976847,0.0066523354810973006,0.009859104218529695,0.007839685150732597,0.00974394365853109
073_024__dissolve16,Deepfakes,1,dissolve16,0.016378317843191326,0.0006036744392262229,0.03453349939081818,0.018047926927130056,0.03400953725213185,0.014776163885948582,0.024667725898325443,0.009484520588902015,0.024652869498822838,0.010016211964081503
073_024__dissolve32,Deepfakes,1,dissolve32,0.008657929167384282,0.0006144235540186751,0.024202325934311375,0.019510360798616518,0.022567446663742885,0.015080993708715528,0.01677730023220647,0.010203989467519367,0.016855965688591823,0.010729194846239755
073_024__dissolve64,Deepfakes,1,dissolve64,0.0046868796525814105,0.0006772940455861813,0.020834465984080452,0.018184054473584347,0.01899199787294492,0.013901094626635312,0.013006045002839528,0.009170699953524904,0.013522183311579283,0.009861585747619922
073_024__dissolve8,Deepfakes,1,dissolve8,0.03074280614964664,0.0006019395858947155,0.0602993022184819,0.019059887306915747,0.05727521749213338,0.015224098567725034,0.0368380481377244,0.009487800016948903,0.040422017918899655,0.010220502895462487
073_024__fade16,Deepfakes,1,fade16,0.041669228579849005,0.0006003665697684023,0.055591138429008424,0.018435266298395626,0.05849557727924548,0.014952639997168218,0.05529656994622201,0.009232487043510507,0.06422905257204548,0.010037763967648944
073_024__fade32,Deepfakes,1,fade32,0.0219596834940603,0.0006148730319872467,0.029825869773048908,0.019324323007216055,0.03241505425783896,0.015205763494488836,0.029141702383640222,0.009888109507510203,0.03424618668213952,0.010651003344562548
073_024__fade8,Deepfakes,1,fade8,0.07469320227392018,0.0006031005708595134,0.0988261594902724,0.019297084284459684,0.10708235000493005,0.015768743824918528,0.1013454170897603,0.00999584313909951,0.11498825438320637,0.010473227552096318
073_024__hard_cut,Deepfakes,1,hard_cut,0.09146702874568291,0.0006088135007796493,0.11102656275033951,0.018282514473944272,0.06604647512237231,0.01403879321977433,0.09577778726816177,0.009444790541577168,0.10278449952602386,0.009878145123366266
078_955__control,Deepfakes,1,control,0.00027976402391990024,0.0007953217684836877,0.011616405720512072,0.017095082313201185,0.006871265669663747,0.02317915991801074,0.005304156414543589,0.010740265141683235,0.0060826031646380825,0.010803427886596675
078_955__dissolve16,Deepfakes,1,dissolve16,0.016264092817436904,0.0011455734371709483,0.03683537896722555,0.01853347586431694,0.03571687208022922,0.018898487360062964,0.025378283171448857,0.010700926209519644,0.025385781831573695,0.010258035223424724
078_955__dissolve32,Deepfakes,1,dissolve32,0.0091576734703267,0.0010633571170425664,0.0255312803783454,0.019213898166286193,0.0264994423778262,0.019575715782227873,0.017986131773795933,0.011494865916647959,0.017780318143195473,0.010396876864820376
078_955__dissolve64,Deepfakes,1,dissolve64,0.00484210639478988,0.0013620440726464784,0.02095341496897163,0.019738102721219713,0.022410770514397882,0.01852614499035884,0.013420875548035838,0.010775414312427694,0.013654116010002326,0.010069229546934367
078_955__dissolve8,Deepfakes,1,dissolve8,0.030315443873405457,0.0012400766771951657,0.05768697732128203,0.01855503685923444,0.05008925823494792,0.018570670435364516,0.03876292868517339,0.01052832804192361,0.03951416024938226,0.010301177704555763
078_955__fade16,Deepfakes,1,fade16,0.04232818586751819,0.0011473500413664173,0.0533303749980405,0.019231076370382193,0.05833195507875644,0.018728400700391064,0.05683397798566148,0.011488118444035933,0.06427153857657686,0.010670933393237082
078_955__fade32,Deepfakes,1,fade32,0.022545744068338536,0.0010645534323351778,0.028998786423471756,0.019073695543853717,0.03202432380930986,0.01957988895572208,0.029349893520702608,0.011799365809272933,0.034198213019408286,0.010484773125071293
078_955__fade8,Deepfakes,1,fade8,0.07747500878758729,0.0012427006781558498,0.09387088753283024,0.018607000933607686,0.10438678174978122,0.01920864498872008,0.10441600321792066,0.011282027770370783,0.11557898111641407,0.010524817868261723
078_955__hard_cut,Deepfakes,1,hard_cut,0.09170872012327891,0.0011829915499636289,0.11384600897630055,0.018248371262955716,0.07022779310743014,0.018991300162377815,0.0943140263358752,0.01108525737614955,0.10351280619700749,0.010407208255886778
102_114__control,Deepfakes,1,control,0.004427997938667734,0.004609325951975533,0.020550061017274857,0.02198509836319826,0.0421409842868646,0.025722795081230165,0.01071516222630938,0.01620446284640959,0.012840974144637585,0.011522563728819586
102_114__dissolve16,Deepfakes,1,dissolve16,0.01707771176006645,0.00732658430481854,0.04236536275129765,0.023803895673922545,0.044421661528758705,0.02745456607035786,0.03925870393868536,0.01456767927348903,0.03347860288340598,0.012083275831367785
102_114__dissolve32,Deepfakes,1,dissolve32,0.011799564585089684,0.007372189018789722,0.028234245983185247,0.026374518978355944,0.0339685992221348,0.029867757320532512,0.02711033943342045,0.015215322675033548,0.0230903290794231,0.012872037841756454
102_114__dissolve64,Deepfakes,1,dissolve64,0.009173368744086474,0.007504971202632243,0.02918303650949383,0.02462851395830512,0.031170292349997908,0.027666785872795367,0.019521231683029328,0.014424885758622125,0.018169988208683208,0.012089615535329688
102_114__dissolve8,Deepfakes,1,dissolve8,0.027073055505752563,0.007306972669588553,0.06142677750904113,0.023960773262556072,0.06321009795647115,0.02929119162915929,0.057230048812925816,0.015201021713699709,0.051080888602882624,0.012436127197836433
102_114__fade16,Deepfakes,1,fade16,0.035326505603734404,0.007322369118501405,0.03945439329254441,0.026058192717508206,0.040963007748359814,0.028634851839104036,0.043342918273992836,0.015277879803161164,0.048753571609267965,0.01269808319822243
102_114__fade32,Deepfakes,1,fade32,0.019665285508381203,0.0073719229120975255,0.023241378697416475,0.024970602854315578,0.02570421689597424,0.028939671263141536,0.024837170421960764,0.014996614823674505,0.026838627352844924,0.01253110560556424
102_114__fade8,Deepfakes,1,fade8,0.06310841883532703,0.007308152873438221,0.07104740152135491,0.025240972923400166,0.07414000923745334,0.02843628503247961,0.07538329460658133,0.015339926642424485,0.08636071474757046,0.012562369852251298
102_114__hard_cut,Deepfakes,1,hard_cut,0.07419874294040103,0.007250907479674887,0.0971615972618262,0.02446508116357155,0.10179388026396434,0.02859161208162747,0.13242059449354807,0.015339947635134271,0.0913216123978297,0.01248799701679056
114_102__control,Deepfakes,1,control,0.008444863681991896,0.0086339132315716,0.015371863109370073,0.015725785008063382,0.021640825395782787,0.02056045198647337,0.010889171777913967,0.014229023834651975,0.011456153355538845,0.010937332051117526
114_102__dissolve16,Deepfakes,1,dissolve16,0.02565509465057403,0.005341238703339099,0.048281647032126784,0.022442633143707532,0.06802009686361998,0.027492664195060305,0.04277802299475297,0.01941528172303981,0.040746064914856106,0.012764776416164733
114_102__dissolve32,Deepfakes,1,dissolve32,0.016414579993579537,0.005299508527801746,0.03672703693155199,0.022006316073693806,0.04593284694419708,0.02869988127737485,0.02951458131428808,0.020315001955544896,0.027939955209149048,0.01329899431158114
114_102__dissolve64,Deepfakes,1,dissolve64,0.010426979511976242,0.00559679793024605,0.02611257585522253,0.023099302644418045,0.040366698340221774,0.0306628208395771,0.023912418670079205,0.022511692816624417,0.020345636334241135,0.0145029184138614
114_102__dissolve8,Deepfakes,1,dissolve8,0.0439237910322845,0.005665319293699655,0.07725033792667091,0.02319728204275708,0.09582123626023531,0.028253323283163947,0.06575728463940322,0.020788706161961722,0.06601660791784525,0.013461274864164659
114_102__fade16,Deepfakes,1,fade16,0.03734059620182961,0.00535197140455689,0.03638501837849617,0.022783446467020414,0.043471225624671206,0.027041309051821494,0.050089865864720196,0.02021764710676083,0.05266721727093682,0.012944532412167037
114_102__fade32,Deepfakes,1,fade32,0.021471315529197454,0.00529963724434258,0.020081623382265528,0.021839575321499216,0.02681839282834722,0.027408182101795717,0.027681956111337058,0.019540861386126013,0.028481346205808222,0.013140645620129445
114_102__fade8,Deepfakes,1,fade8,0.06536591937765479,0.00568029400473041,0.0682256706058979,0.023918158712960477,0.07899207144510001,0.02750274209070126,0.09124270547181368,0.01962761566719892,0.09501756448298693,0.013233038572949014
114_102__hard_cut,Deepfakes,1,hard_cut,0.12322850696121652,0.0057298261137043865,0.1755821779370308,0.022655999895690355,0.1633401463429133,0.027962954526459326,0.12244656557838123,0.01825984494508564,0.12377843260765076,0.012870525604092232
128_896__control,Deepfakes,1,control,0.008859483214716116,0.0029063021551553256,0.04502445956071218,0.02860028677919911,0.051362965566416584,0.03417280793063721,0.040679829816023506,0.023656367164468235,0.022175070208807785,0.014737085214326694
128_896__dissolve16,Deepfakes,1,dissolve16,0.019898868165910244,0.0031320441763472823,0.06852914724731818,0.030850524950808693,0.06491373421158642,0.033676806737858694,0.06428135163150728,0.022497248558103766,0.05447284085676074,0.014718703086543331
128_896__dissolve32,Deepfakes,1,dissolve32,0.012110881507396698,0.002859688402774433,0.04972210875712335,0.03288545223466795,0.04945369882625528,0.03451482276164595,0.04907038260716945,0.02262104422137698,0.037188951595453545,0.015131383315371028
128_896__dissolve64,Deepfakes,1,dissolve64,0.007838557383365696,0.0019237127102149482,0.038054526354244445,0.02799401325173676,0.04443025965883862,0.03126294325151817,0.0323759866078035,0.01939743648558347,0.02614149454893777,0.01329365702430633
128_896__dissolve8,Deepfakes,1,dissolve8,0.03595592314377427,0.0032776845008164208,0.10819743480533361,0.03208110857385773,0.10598222771659493,0.03360976300386897,0.10384275950491428,0.022538261792228162,0.08876950549893081,0.014963247410550311
128_896__fade16,Deepfakes,1,fade16,0.05733098858036101,0.0031506992555539876,0.03950686025200412,0.03401601286486325,0.05262378812767565,0.03558338539295115,0.05884172866353765,0.024125260185649238,0.05690996861085296,0.016024981694323127
128_896__fade32,Deepfakes,1,fade32,0.03168832784285769,0.002870551164291435,0.02596976271888707,0.030734981479786937,0.031021295144455507,0.03428164573557589,0.03455496428068727,0.021220754817310165,0.03121804486727342,0.01430382095571693
128_896__fade8,Deepfakes,1,fade8,0.10219801403582096,0.003287087583197029,0.06590964528732002,0.03110408266116907,0.09624602785333991,0.032483678793551414,0.10732168331742287,0.02180417370143439,0.1020431057550013,0.014465516800195113
128_896__hard_cut,Deepfakes,1,hard_cut,0.10514254045362274,0.0032746874228104066,0.16238861282666525,0.03012420567762801,0.1542179360985756,0.034030602589817875,0.19983614484469095,0.022496707688117304,0.14618651568889618,0.014789754767523353
135_880__control,Deepfakes,1,control,0.009972122808297476,0.0011414975989452105,0.022296985611319542,0.022523756210013467,0.039927891145149864,0.026868502897510336,0.03858365615208944,0.03626164968393869,0.025845117246111233,0.023493501152527536
135_880__dissolve16,Deepfakes,1,dissolve16,0.025400398415513337,0.0033098509596226717,0.04507846552878618,0.020608417129198326,0.06212046690052375,0.02707369942037226,0.06348056357819587,0.02480250384061805,0.0628714351914823,0.01872365306882025
135_880__dissolve32,Deepfakes,1,dissolve32,0.01466712131514214,0.003410151599298884,0.032432375100230976,0.020645049170473183,0.0396973893587147,0.028579796733998363,0.05323116190265864,0.02442011081924041,0.041566230123862624,0.018975197578427094
135_880__dissolve64,Deepfakes,1,dissolve64,0.008778467898082454,0.00366175119521689,0.027524479031853843,0.02338277833028273,0.041314262540254276,0.03304768606851047,0.034446937337634154,0.02660108169710094,0.029832321670255624,0.021471185533499176
135_880__dissolve8,Deepfakes,1,dissolve8,0.04073089547455311,0.003425015919256603,0.048144886802349775,0.02048413591409052,0.10774250168885503,0.025770914250028296,0.09134619869291782,0.025036009334799676,0.0933890026062727,0.018576117534492467
135_880__fade16,Deepfakes,1,fade16,0.04253297008108348,0.003314503790128036,0.05253809777398904,0.020033537265528173,0.0645050787134096,0.02682497494772655,0.05927422596141696,0.024068453964026806,0.0712886027758941,0.018451696478770773
135_880__fade32,Deepfakes,1,fade32,0.022522922867210582,0.003415365341445966,0.029566990421904672,0.02093215236418891,0.0348384908490604,0.028427207125243784,0.033414330100640655,0.025015611169410163,0.03856487400480546,0.019157465622257227
135_880__fade8,Deepfakes,1,fade8,0.07563549187034369,0.0034266309851994485,0.10461231134831905,0.020407203618470614,0.13355858251452446,0.026219312818972645,0.1089535653591156,0.02453847160680337,0.13512332923710346,0.01842834395230622
135_880__hard_cut,Deepfakes,1,hard_cut,0.10358576818058889,0.003735242467482132,0.21646303683519363,0.020190812280338446,0.25750039021174115,0.025832932880463993,0.263553852836291,0.02450784851039239,0.2935137053330739,0.01835257876901177
000_003__control,Face2Face,1,control,0.001414524478605017,0.003338826477421069,0.04816007489959399,0.03188446864867543,0.037829115986824036,0.033198631054848056,0.021593714753786724,0.02073706072060612,0.018513439844051998,0.01426864443820412
000_003__dissolve16,Face2Face,1,dissolve16,0.021393448347225785,0.0022556662256603393,0.049566506524570286,0.0376854530460477,0.061905014677904546,0.038763597225589516,0.04499428637791425,0.019343457272891135,0.0382728396798484,0.014970440729476005
000_003__dissolve32,Face2Face,1,dissolve32,0.01174989974242635,0.002087413247717523,0.0359956918109674,0.0408536585813552,0.04388904670486227,0.043313792917406425,0.028263913263799623,0.020869639720874786,0.024872722395230085,0.016033856824425787
000_003__dissolve64,Face2Face,1,dissolve64,0.006569915211002808,0.0023707016815685414,0.03406728736808873,0.0436580117283897,0.036305505302152596,0.04423256084661592,0.021968438268231694,0.02226446449587291,0.01988673179585021,0.016850713818249378
000_003__dissolve8,Face2Face,1,dissolve8,0.03766113007441163,0.002274096674424269,0.07689346373081207,0.03625864948687219,0.10196936409920454,0.0398431252331582,0.07101963041350245,0.01912476226418942,0.061463713413104415,0.014876983988493143
000_003__fade16,Face2Face,1,fade16,0.05048706999514252,0.0022589274437971488,0.04711664028582163,0.039520452696097066,0.05308544059516862,0.041362830417375394,0.056032836553640664,0.019131143611304247,0.05696593981701881,0.015397093785492685
000_003__fade32,Face2Face,1,fade32,0.025763657089555636,0.002094087440483058,0.026439925728482194,0.04084454091619999,0.030773225123994052,0.043023592556944525,0.030475817184196785,0.0202483879991047,0.03049398260191083,0.015934477595012934
000_003__fade8,Face2Face,1,fade8,0.09304991457611322,0.002279041564146577,0.07938637712504715,0.036369424365221746,0.09141874499619007,0.037062088914870006,0.10049901064485312,0.018539291781348152,0.10097349598072469,0.014362739269025959
000_003__hard_cut,Face2Face,1,hard_cut,0.11465858029744898,0.0024691433566859213,0.13099378595749536,0.037092117890636676,0.17284534374872842,0.039464684595922166,0.18206371118625006,0.01925579733925603,0.12174156059821446,0.014934862194330259
003_000__control,Face2Face,1,control,0.0008932347021376094,0.0019354211221748994,0.01854662535091241,0.0396503932858912,0.036970909064014755,0.04753081676534424,0.008823573123663664,0.017974138147418654,0.008883484484006962,0.015308836553940329
003_000__dissolve16,Face2Face,1,dissolve16,0.014327488606795669,0.002023089339717029,0.06413458002498373,0.03320796750214638,0.05995197221636772,0.03666232450349817,0.05434848746517673,0.01683757561247669,0.04802581528201699,0.01395166241699486
003_000__dissolve32,Face2Face,1,dissolve32,0.008117504941765219,0.0020468939435614765,0.04443463477946352,0.033735375701524746,0.04496422442025505,0.03832235128147763,0.036036922960192896,0.01676933947768619,0.031115670135477558,0.013762908353438151
003_000__dissolve64,Face2Face,1,dissolve64,0.004482550008106045,0.0024739805862984874,0.029943500350782415,0.03779688966883855,0.0349238347625942,0.04045935128392144,0.023324335816141684,0.02075243326412006,0.019814667190075852,0.015811663480814208
003_000__dissolve8,Face2Face,1,dissolve8,0.025837869383394718,0.0021535291363745258,0.07266257260926068,0.03144613897159427,0.06994494586251676,0.03609996807115438,0.06273227906785905,0.016534064791526075,0.05379196582362056,0.013539576013614465
003_000__fade16,Face2Face,1,fade16,0.03655396040994674,0.00202820964781477,0.04615781694883481,0.03241235505364546,0.05162064376054332,0.03814786172119304,0.0519098830409348,0.016822747161693293,0.05616764398291707,0.01393683464492409
003_000__fade32,Face2Face,1,fade32,0.01967949561367277,0.0020586873522435113,0.02727082435740158,0.034726995803501415,0.03313818868369826,0.03995688713487537,0.026927390274067875,0.018564434767561568,0.030708386933838483,0.01467061203893745
003_000__fade8,Face2Face,1,fade8,0.06574250874109566,0.0021508643366941796,0.09473765571601689,0.031247454670232697,0.09387181606143713,0.03670815907435508,0.10535652260296047,0.016761942932315102,0.10263474122621119,0.013660926143177323
003_000__hard_cut,Face2Face,1,hard_cut,0.07812186241305123,0.002206848054271886,0.14931322385867438,0.03147156737050263,0.2071700245141983,0.03574086309773689,0.20465651651223501,0.01661747048305095,0.17652604977289835,0.013526230803848701
012_026__control,Face2Face,1,control,0.0015459147204334538,0.002036381363414891,0.03533798083662987,0.027994796878389887,0.030140596441924572,0.03010036985498596,0.013787088294823965,0.0160674428255534,0.015087779300908247,0.013667818321649112
012_026__dissolve16,Face2Face,1,dissolve16,0.01732876052847132,0.0022845501735697963,0.05307067296234891,0.028607499849015068,0.060128551442176104,0.027603334611625348,0.053247224772349,0.014647553182089502,0.05341220082482323,0.012505849122603252
012_026__dissolve32,Face2Face,1,dissolve32,0.009905133600113913,0.002224737904088079,0.035528423148207366,0.02738329495742232,0.04168648173799738,0.025862795873491586,0.03303209476871416,0.014057299293492032,0.032940381235675886,0.012048092900893126
012_026__dissolve64,Face2Face,1,dissolve64,0.005867260064405855,0.002216317091899162,0.030045449879253283,0.02627174241298979,0.03402948829898378,0.02463408965956081,0.024551575203076936,0.014080875299193642,0.023448215622920543,0.011906310014257376
012_026__dissolve8,Face2Face,1,dissolve8,0.03200650657527149,0.0023179127733004993,0.07481948519125581,0.027797107479895826,0.08483131718821824,0.026547180794951348,0.08449048176407814,0.014246932725917111,0.08734938153065741,0.012079413940391696
012_026__fade16,Face2Face,1,fade16,0.04310641624033451,0.002284144408530691,0.04685672279447317,0.026956081722673136,0.04797169234370813,0.02590874094488913,0.04269764217315242,0.014030685603112271,0.05077191785676405,0.01184710061846717
012_026__fade32,Face2Face,1,fade32,0.022957939785555936,0.0022291808500190147,0.02468574394879397,0.027724761264291645,0.025398527053766884,0.025846864701644785,0.021528618992306292,0.014255063463773194,0.026727857635705732,0.01206148044880608
012_026__fade8,Face2Face,1,fade8,0.07818422559648752,0.0023229088600691373,0.08134501217864454,0.027247878022257005,0.09070789185352623,0.026554470512646814,0.08729222975671291,0.014101344047466645,0.09461300680413842,0.012009599550232829
012_026__hard_cut,Face2Face,1,hard_cut,0.09742167795775458,0.0022767643104859834,0.17581762870152792,0.026623516607934893,0.22271236032247543,0.026316702144883446,0.20121217767397562,0.014503092785223813,0.17808275173107782,0.012028901462869371
015_919__control,Face2Face,1,control,0.010656049785514673,0.010806086220604888,0.032704213013251625,0.027307394067204352,0.046768387158711754,0.030873973834154717,0.018351185445984203,0.013742323408408438,0.016490539225439232,0.012108643239332457
015_919__dissolve16,Face2Face,1,dissolve16,0.014537898416165262,0.0056036295325752996,0.025438840384595096,0.023556332092605603,0.03281497390707955,0.02465048423308192,0.02617607545107603,0.012531430211858553,0.017822781286668032,0.010866527599327772
015_919__dissolve32,Face2Face,1,dissolve32,0.010402740648714826,0.005556824807600847,0.0231968104490079,0.0240570692982439,0.028152633836725727,0.024316393609704643,0.020678876811871305,0.011749449127150336,0.014494429182377644,0.010641266684176335
015_919__dissolve64,Face2Face,1,dissolve64,0.008161115256370977,0.005392128360637633,0.022933195759833325,0.025031297603114084,0.024559080207836814,0.024393507093191148,0.015719898816314526,0.01245749373920262,0.0125809721321275,0.010930012886158445
015_919__dissolve8,Face2Face,1,dissolve8,0.02287922683171928,0.005621320869944578,0.035452513257041574,0.024842402694310557,0.05031019914895296,0.024676665370058908,0.037818341981619596,0.013401896832301072,0.02489362726919353,0.011372474366211676
015_919__fade16,Face2Face,1,fade16,0.03483981412136927,0.005612817797069528,0.044984253123402596,0.023986292849249632,0.052139314415398985,0.023971088872589533,0.042375658464152366,0.012154078409437415,0.055367748253047466,0.010736552017370185
015_919__fade32,Face2Face,1,fade32,0.01946411513199564,0.005557384993780629,0.025258418347220868,0.024293659614859384,0.028339722513919696,0.024521116756074046,0.02360815405700123,0.012284662624039612,0.029961904052470345,0.010873230823165813
015_919__fade8,Face2Face,1,fade8,0.06089837965555489,0.00562604102932718,0.07994110602885485,0.024107429441190452,0.08858377870637923,0.024708006854026434,0.07636733632534742,0.012470577942073211,0.09825368702877313,0.010984919467093507
015_919__hard_cut,Face2Face,1,hard_cut,0.060627845504010715,0.005655097262884522,0.0876722124715646,0.023052419155986065,0.11918199807405472,0.024151916556470726,0.09254621590177219,0.012359275737130162,0.06948669875661533,0.010725821508489296
024_073__control,Face2Face,1,control,0.0013381122844293714,0.002576178417026097,0.013906703951458136,0.026119551579941506,0.01706629867355029,0.020258854080181,0.007333768997341394,0.013534365851290019,0.00625159948443373,0.01074383063123451
024_073__dissolve16,Face2Face,1,dissolve16,0.020165315247140825,0.0011843549239096566,0.046183558530174196,0.0342771647660767,0.03575079870643094,0.02795925839279679,0.026508512324653566,0.014744068951418316,0.02635400294093415,0.012624701577717962
024_073__dissolve32,Face2Face,1,dissolve32,0.010792351837153547,0.0011268808950011715,0.03721935270004906,0.03223281425233909,0.02611157193314284,0.027884164426325894,0.019930481881601736,0.014588205848991785,0.018828141430276446,0.01246249347111617
024_073__dissolve64,Face2Face,1,dissolve64,0.005991302929032827,0.0010286640444643457,0.03490181062443298,0.027947543646124277,0.028394060194841586,0.02491847890937193,0.017140982701675966,0.013777966115793044,0.017178893634991255,0.010715098797597668
024_073__dissolve8,Face2Face,1,dissolve8,0.03372169751673937,0.0012369829270388797,0.060158417327329516,0.03606974757077206,0.05607616528868675,0.028109978383138508,0.0428144633769989,0.01577860960602626,0.041893447283655405,0.013140395924507699
024_073__fade16,Face2Face,1,fade16,0.03419589076656848,0.0011881494253774363,0.05507782695349306,0.032992199635205485,0.04657131462590769,0.027735951019776533,0.041402162169106305,0.015144267530876745,0.05272311920998618,0.012540574391254956
024_073__fade32,Face2Face,1,fade32,0.01771890175587032,0.00113369788855432,0.030119941860903054,0.03430697988904745,0.02533162201871164,0.02879676373739695,0.022284668550128117,0.014284533732196038,0.02817485708510503,0.01273667019652738
024_073__fade8,Face2Face,1,fade8,0.06134023843333125,0.0012336707281196272,0.07975836028344929,0.03526255815617136,0.08131288317963481,0.027342833937271625,0.07561475783586502,0.015150743509382681,0.09236779902130365,0.012768072762048326
024_073__hard_cut,Face2Face,1,hard_cut,0.10036299269025524,0.001558748257131379,0.15393104404211044,0.03577034114623221,0.1553102731704712,0.027772722306061474,0.1079807144900163,0.015021556210940925,0.1078501691420873,0.012803140459424359
026_012__control,Face2Face,1,control,0.000511860407035177,0.000800565180124052,0.017802222942312557,0.04586038322994975,0.018236426326135795,0.03805695286699397,0.014791234551618496,0.01964045969090598,0.008128264142821232,0.015923861546394556
026_012__dissolve16,Face2Face,1,dissolve16,0.012647477793507278,0.0008201411830880724,0.037921163777355105,0.03197441902972342,0.03851259785005823,0.02863748708640415,0.028658653958700597,0.015594679272272488,0.0268939936067909,0.01198036464166294
026_012__dissolve32,Face2Face,1,dissolve32,0.006777382630389184,0.0008031140473315321,0.03318693765322678,0.0333080811943891,0.03165165230166167,0.029414235578111278,0.02396953760762699,0.01464760342168611,0.02130597020732239,0.011897373272791162
026_012__dissolve64,Face2Face,1,dissolve64,0.003880725689668907,0.0006798079994041473,0.03425379241525661,0.029886041807053104,0.029806674756400753,0.02412801230887205,0.020443081040866673,0.012663340183313597,0.017421218704839703,0.01023630745581944
026_012__dissolve8,Face2Face,1,dissolve8,0.023444633232429624,0.0008062121056141919,0.0476086160633713,0.0325267312362337,0.050583162577822804,0.03057320432229857,0.042358266189694405,0.01597769777521256,0.03939511603675783,0.01240661677900232
026_012__fade16,Face2Face,1,fade16,0.026603719335980713,0.0008236103421597046,0.041219769045710564,0.030808495072245562,0.044643379747867584,0.028769329773461066,0.041937829402741045,0.015012973981674362,0.050254871137440205,0.011705949384881889
026_012__fade32,Face2Face,1,fade32,0.014119775572908111,0.0008087118792524241,0.023884123540483415,0.032694077865225955,0.026877215219428763,0.029768764270180516,0.02391767586232163,0.014401004822314557,0.0276181755180005,0.011869582100022027
026_012__fade8,Face2Face,1,fade8,0.047522783279418945,0.000802366001382554,0.07223181938752532,0.03231120648319825,0.08079178840853274,0.029973233726949575,0.07732141157612205,0.015257172949343652,0.09218789148144424,0.012113706277985428
026_012__hard_cut,Face2Face,1,hard_cut,0.0712978523709656,0.0007910134683420361,0.17795465886592865,0.03131934013454465,0.16944114367167154,0.029403944874687466,0.1078530674179395,0.015661271363970334,0.10771853476762772,0.012045772091122502
029_048__control,Face2Face,1,control,0.0012336455595990021,0.0006364068999034116,0.02161435503512621,0.019992008623745988,0.014904133044183254,0.01771999868836601,0.018307711618642013,0.012235469352532873,0.010847207003583511,0.009500684254108218
029_048__dissolve16,Face2Face,1,dissolve16,0.013640611956361681,0.0006029315428323456,0.04934016120387241,0.02552965853094277,0.04494625894585624,0.022349242940409454,0.0655600005411543,0.015621772488337281,0.052975056460127234,0.011493492646603981
029_048__dissolve32,Face2Face,1,dissolve32,0.0075243982137180865,0.0006094326624939829,0.029135663629858755,0.023873098961334546,0.02815065144386608,0.02092989840030927,0.03715050061873626,0.015045586943321315,0.0293885467981454,0.010918346266449568
029_048__dissolve64,Face2Face,1,dissolve64,0.004091749446160975,0.0006807667598795061,0.032954434733255766,0.023626476422668928,0.02813820393930655,0.021281828636049546,0.029956328558910172,0.015115958912329834,0.022854773626022507,0.011104968366932802
029_048__dissolve8,Face2Face,1,dissolve8,0.025261398870497942,0.0005877582715018778,0.08181298803538084,0.02481555368285626,0.06974943587556481,0.021768353619352653,0.11767413979396224,0.015202332399198198,0.09575009625405073,0.011094291733267406
029_048__fade16,Face2Face,1,fade16,0.04533668217482045,0.0006165523371643396,0.049810065887868404,0.02566202871277657,0.056430312370260555,0.021911103506708173,0.04860455496236682,0.01474836273277088,0.05913257505744696,0.011235224583764894
029_048__fade32,Face2Face,1,fade32,0.02401011867914349,0.0006168398160360962,0.027752680163229664,0.025361820973118704,0.031743283593846906,0.023446591276589823,0.025299953020294197,0.015684247046345096,0.031734053351101466,0.011773875467586278
029_048__fade8,Face2Face,1,fade8,0.08062351890839636,0.0005986129242726518,0.0942100677639246,0.02437425011439618,0.0984211708419025,0.0223225309977073,0.09907202143222094,0.014693322759813856,0.10638716048561037,0.01102867566766469
029_048__hard_cut,Face2Face,1,hard_cut,0.07464341844509666,0.0005571360744104791,0.2126393144329389,0.02452036853627128,0.18839879582325617,0.0223226081935089,0.23966120183467865,0.014980182115785714,0.1919530133406321,0.011242018040798414
035_036__control,Face2Face,1,control,0.0006212543812580407,0.0006805510882690739,0.02557935193181038,0.017018780405277985,0.024010409290591877,0.019182686534141964,0.015188877781232199,0.011113283430597098,0.01467924565076828,0.008127792472990577
035_036__dissolve16,Face2Face,1,dissolve16,0.021288817166350782,0.005785605636650235,0.029545038007199764,0.023708057407859386,0.02862398323486559,0.019674414811764383,0.023817522451281548,0.01326044207072627,0.020153369812760502,0.009721284588681335
035_036__dissolve32,Face2Face,1,dissolve32,0.012729291163850576,0.005824698758981961,0.023433943249983713,0.02136645942856825,0.022247497632633895,0.01680879588988235,0.019211654434911907,0.012425728836739114,0.014950414981285576,0.00873249894190023
035_036__dissolve64,Face2Face,1,dissolve64,0.00895543277147226,0.005928449116816575,0.021053763128293213,0.023534806872802704,0.019324053602758795,0.01659251655547781,0.01514519909687806,0.013640505450100385,0.012206410377984866,0.009268635255284607
035_036__dissolve8,Face2Face,1,dissolve8,0.03827899182215333,0.005704428488677074,0.04865288152359426,0.023015900732118736,0.05383437289856374,0.019035698231393554,0.03568530036136508,0.01333267895530003,0.031245567137375474,0.009506433334847627
035_036__fade16,Face2Face,1,fade16,0.042526369681581855,0.005788517565307099,0.03896082568098791,0.022959591892606677,0.03857615703600459,0.019514602175246906,0.04342600854579359,0.013660134500100557,0.04577977833105251,0.009601469479446996
035_036__fade32,Face2Face,1,fade32,0.023204193799756467,0.005822021159746192,0.022332340638968162,0.02178258616637824,0.02335064592625713,0.016524078098297035,0.02436818985734135,0.012122134474673491,0.02465640653099399,0.008663674506048361
035_036__fade8,Face2Face,1,fade8,0.07635008590295911,0.005715557099409141,0.06686924304813147,0.022294891054263792,0.06619308597873896,0.01895703268573024,0.07597008254379034,0.013289399451349635,0.08072299871128052,0.009390318555430183
035_036__hard_cut,Face2Face,1,hard_cut,0.11362110431461285,0.005567363362835318,0.10734034578005473,0.023074548659940897,0.1169080063700676,0.01967077524503851,0.08607801298300426,0.01377660131981691,0.07057247807582219,0.009738386841490865
036_035__control,Face2Face,1,control,0.00714141068359216,0.010228913490486852,0.01972575734059016,0.022539133511846728,0.021019435798128445,0.016569009186873623,0.01808729488402605,0.012259736219105326,0.009895721760888895,0.008984304649826393
036_035__dissolve16,Face2Face,1,dissolve16,0.020230618189089,0.005894241058855381,0.06306916032917798,0.037528769005750064,0.04431335115805268,0.02749456288247794,0.043131976504810154,0.015675874957046247,0.03719316219212487,0.013743116368892269
036_035__dissolve32,Face2Face,1,dissolve32,0.012376364000374451,0.005942030346834625,0.04235160908137914,0.03627444401078311,0.0301954873430077,0.02733323206568415,0.026424182578921318,0.015544284176584548,0.023373051735688932,0.01350020752261639
036_035__dissolve64,Face2Face,1,dissolve64,0.008692451876413543,0.0062227754059925,0.03443518715357641,0.04083698352968151,0.024491547563229688,0.029756874667311257,0.019408290929277427,0.016216343448666685,0.017825786489993334,0.014847314535555515
036_035__dissolve8,Face2Face,1,dissolve8,0.03460002550855279,0.005895366559228818,0.09488046751357615,0.03782770422870411,0.05983644654043019,0.028861428801859688,0.0675700583960861,0.016335528627612738,0.05819437000900507,0.014034830001266757
036_035__fade16,Face2Face,1,fade16,0.04892935324460268,0.005898752946008757,0.04086469497997314,0.03652147130556947,0.04770366579759866,0.027516519702808225,0.047601724916603416,0.01649162312517467,0.05571765819331631,0.013769289071771126
036_035__fade32,Face2Face,1,fade32,0.026432774451677687,0.005954346765400092,0.025076510952203535,0.03762334707760434,0.02586117164173629,0.028317256654002542,0.025580265588359907,0.016171505987836884,0.030029838788323104,0.013991468082899335
036_035__fade8,Face2Face,1,fade8,0.08689211821183562,0.005898964944765442,0.06940495036542416,0.03703373073189108,0.07816808694042265,0.02725513047656162,0.09122368134558201,0.01590021717076836,0.09871600824408233,0.013368201661259271
036_035__hard_cut,Face2Face,1,hard_cut,0.10113056244639058,0.005939664312744892,0.13898707181215286,0.03643878680945895,0.1079854890704155,0.026450635539762422,0.14113961905241013,0.016073303527032987,0.11946794887383778,0.013334019004043697
044_945__control,Face2Face,1,control,0.009647771405677,0.0050418306673853264,0.026073956862092018,0.025179603758615332,0.013400417674953738,0.016974896263583738,0.009825528288880983,0.00977806729398731,0.00804465947051843,0.008786629671349301
044_945__dissolve16,Face2Face,1,dissolve16,0.020933675463311374,0.0020422170156820956,0.10302738460401693,0.0462603427840451,0.078343196073547,0.03256632996162454,0.07517692656256258,0.01963187111722468,0.08359441044740379,0.015944310084202336
044_945__dissolve32,Face2Face,1,dissolve32,0.013252082746475935,0.0017446163260972064,0.06224370014388114,0.04486112119415882,0.049712597858160734,0.03385364197344444,0.047757480933796614,0.019855177153073167,0.04742120421724394,0.0159098491201113
044_945__dissolve64,Face2Face,1,dissolve64,0.007983313713339157,0.001896471301072531,0.04875897398839394,0.04876356768337163,0.03162946518568788,0.03592249583876268,0.030525252150255255,0.020666650995950806,0.028757661071722396,0.016559985982762142
044_945__dissolve8,Face2Face,1,dissolve8,0.03505779895931482,0.002272060902386501,0.1747338032083852,0.04573129678799494,0.13348912121728063,0.03229863758761067,0.09125186363235116,0.019867796660610684,0.13132657296955585,0.01578663914833587
044_945__fade16,Face2Face,1,fade16,0.04759741167072207,0.0020455867707620838,0.05823511381944021,0.04848278828363106,0.0805739433853887,0.03357447548407736,0.06025670969393104,0.020365718349778246,0.07491628313437104,0.016513376293287984
044_945__fade32,Face2Face,1,fade32,0.02527622994966805,0.0017479106639351311,0.035679231686838744,0.0472853585713725,0.045970847643911836,0.03429487875887546,0.03312463965266943,0.020680319566022735,0.040269695688039064,0.016443274765350353
044_945__fade8,Face2Face,1,fade8,0.08716720622032881,0.0022756052722625836,0.11238262270178113,0.04739971369135756,0.14169475017115474,0.033654214852061624,0.11716884188354015,0.02104551281343709,0.13772222260013223,0.016563581013296906
044_945__hard_cut,Face2Face,1,hard_cut,0.10096455893168847,0.002441320948646072,0.3595163474480311,0.046049635561372516,0.3170694907506307,0.032251778062653995,0.24858680864175162,0.019276574585523645,0.3396464337905248,0.015716562990762167
047_862__control,Face2Face,1,control,0.00036306392576079816,0.0006489564471170741,0.012969344543914,0.022587042536548647,0.01254707109183073,0.022021971292476444,0.0072988962444166345,0.014132130224656283,0.006359974853694439,0.010009662830270827
047_862__dissolve16,Face2Face,1,dissolve16,0.01808974437881261,0.0027279969853958234,0.030670601001475006,0.01908364271525677,0.0309600270120427,0.02138284770647534,0.04207248904276639,0.012036780850835782,0.03488589101471007,0.009152800026146279
047_862__dissolve32,Face2Face,1,dissolve32,0.010337518557207659,0.002809435899413576,0.02191462551127188,0.01775531777831731,0.02370787844120059,0.020931317325783145,0.025386342720594257,0.011110892795004892,0.022125495655927807,0.008701313002002907
047_862__dissolve64,Face2Face,1,dissolve64,0.006812058603827609,0.002455889447909695,0.02009896299932734,0.01683298483046449,0.021115585252118763,0.02100139480846172,0.01772172801065608,0.010454741271678359,0.014449366826738697,0.00822862471580844
047_862__dissolve8,Face2Face,1,dissolve8,0.03271502675488591,0.0026976591763888938,0.036100203869864345,0.018759648325571976,0.042936844285577536,0.020186506475003117,0.062358349561691284,0.011448449107135545,0.05251696286723018,0.008846807075446253
047_862__fade16,Face2Face,1,fade16,0.04679523967206478,0.0027348835700676433,0.03933614806737751,0.018744503130381295,0.05266110156662762,0.021064492024609013,0.04456920258235186,0.012399514335378873,0.05354277801234275,0.00914383564512833
047_862__fade32,Face2Face,1,fade32,0.024726411094889045,0.0028058662277983567,0.023738866792090477,0.017381742229984922,0.02826176703937592,0.02015534478799044,0.025924732763087377,0.01199367447507343,0.028355540707707405,0.008590513789469654
047_862__fade8,Face2Face,1,fade8,0.08530062483623624,0.002700664427237342,0.06774599174968898,0.01902615191962419,0.0938681373372674,0.0214720892464676,0.0916026714257896,0.011872372903592616,0.09475753991864622,0.009128986188705574
047_862__hard_cut,Face2Face,1,hard_cut,0.09974233944376465,0.0026523563861023136,0.14919836074113846,0.018953307121360705,0.17754635711510977,0.020860802322049957,0.2638218055168788,0.011843901393704228,0.17095213135083517,0.009020174581703524
048_029__control,Face2Face,1,control,0.0009348278205531338,0.0016935822337873722,0.08826610818505287,0.04402342429621366,0.05572753275434176,0.03377000935241517,0.02759407088160515,0.017227546530933578,0.028539791703224182,0.015601502289458856
048_029__dissolve16,Face2Face,1,dissolve16,0.022555610397830606,0.005089542242467801,0.0490345360012725,0.031878956362437816,0.031248967978172004,0.02826670385011047,0.02761061437195167,0.014124021209884905,0.024466879898682237,0.012469993038464662
048_029__dissolve32,Face2Face,1,dissolve32,0.013692867272766307,0.005197708058738332,0.036649347937782295,0.03309666134561572,0.02862772927619517,0.027417483854632097,0.018418960928102024,0.013965538943764465,0.017764056217856705,0.012577994397423905
048_029__dissolve64,Face2Face,1,dissolve64,0.009410870567080565,0.00530821969520978,0.03623220617737388,0.02918072524083651,0.027403294312534854,0.028426841282370417,0.014406965812668204,0.015327145722271366,0.015284225417417474,0.0125226710669019
048_029__dissolve8,Face2Face,1,dissolve8,0.03893519286066294,0.005060861751894458,0.07294038473628461,0.03159547014778631,0.0420029666274786,0.026308705008731368,0.0459109500516206,0.01474010620606006,0.037765200017020106,0.012510035652667284
048_029__fade16,Face2Face,1,fade16,0.036973155685700476,0.00509697784052583,0.044624220055993646,0.03100705725814496,0.04757496027741581,0.026491967509093793,0.041374579654075205,0.013754124070508677,0.05783676484134048,0.0121281323683204
048_029__fade32,Face2Face,1,fade32,0.019885779853211716,0.005198669639260818,0.029264286466059275,0.03337471742696803,0.02776752236241009,0.02800807009997039,0.023582368754432537,0.0141956669829743,0.031437132973223925,0.012709344664973945
048_029__fade8,Face2Face,1,fade8,0.06820407416671515,0.0050705197636407235,0.08077527303248644,0.030713182058657817,0.08554132631979883,0.027612323461620656,0.07941496185958385,0.013708094923614382,0.10469520534388721,0.01215288594054679
048_029__hard_cut,Face2Face,1,hard_cut,0.1114115813979879,0.005000897691095785,0.13610111673672995,0.03185173665813143,0.08419663459062576,0.027266977481165175,0.16711895912885666,0.014088474925394343,0.10073461756110191,0.012311493841757587
073_024__control,Face2Face,1,control,0.0005466364382300526,0.0010048220484365582,0.029088488469521206,0.017988177030189435,0.02789494829873244,0.028643404687083943,0.008572832526018223,0.007771542113791299,0.0097943643728892,0.007930879991193759
073_024__dissolve16,Face2Face,1,dissolve16,0.01634070830186829,0.0005980284924978318,0.040785086748655885,0.019689696379801603,0.051008928392548114,0.02906143403096685,0.025857427739538252,0.007743047763937089,0.027014174847863615,0.008488529680513786
073_024__dissolve32,Face2Face,1,dissolve32,0.00864081054169219,0.0006146430708307387,0.027558108238736168,0.02063211129614334,0.035649288634886034,0.027830384634221078,0.01645750948227942,0.0078591346358024,0.017301278887316585,0.0085965158918273
073_024__dissolve64,Face2Face,1,dissolve64,0.004686575441155583,0.000681245684708384,0.02624625218595611,0.01759367886168713,0.03250351329188561,0.028034834072671152,0.01321252653360716,0.007500924506563355,0.01417628791750758,0.007919129564172843
073_024__dissolve8,Face2Face,1,dissolve8,0.030607146443799138,0.0005947411720937764,0.07315550884231925,0.02043470467528882,0.08514522574841976,0.027633295687091712,0.04400137485936284,0.0078065684196321075,0.046056313905864954,0.008434573387169186
073_024__fade16,Face2Face,1,fade16,0.04147479758830741,0.000598813145259255,0.05537626930163242,0.020433738914734313,0.0577461933135055,0.02944673725756482,0.05379097315017134,0.007921176703728158,0.06414666707860306,0.008787459910856289
073_024__fade32,Face2Face,1,fade32,0.02198562079865951,0.0006145809846662585,0.03180039935250534,0.02075342826502419,0.03317693645658437,0.02879575180666235,0.028405231947544962,0.007936577926839477,0.03388005499436986,0.008711758478485775
073_024__fade8,Face2Face,1,fade8,0.07452218513935804,0.0005988133306927593,0.09759622730780393,0.020081838798973507,0.09931333316490054,0.028532001338815234,0.09864317090250552,0.007643086532642646,0.1144242356531322,0.008421365497843572
073_024__hard_cut,Face2Face,1,hard_cut,0.09167406735165666,0.0006021125524766522,0.1100459670027097,0.019298336162800127,0.15053977072238922,0.028224280658493733,0.0947327899436156,0.00776755963195652,0.11452771723270416,0.008282977381279156
078_955__control,Face2Face,1,control,0.00026567373909832287,0.000794425965099343,0.012337499530985951,0.023706216456356725,0.022686799988150597,0.03523496757419306,0.00412245886400342,0.00947535733526604,0.005063827848061919,0.00982899371716115
078_955__dissolve16,Face2Face,1,dissolve16,0.01619060430675745,0.0011452332400949672,0.04171061923261732,0.023075152838430864,0.05057596956612542,0.034715729914786456,0.027035629784222692,0.009420832070901773,0.02770158782368526,0.009504507541050682
078_955__dissolve32,Face2Face,1,dissolve32,0.009208296309225261,0.0010608168474088113,0.02740880702913273,0.02236350782311939,0.039000258955638856,0.035283892956059215,0.0173394213343272,0.009741107114301673,0.017909648551722057,0.009463082134573796
078_955__dissolve64,Face2Face,1,dissolve64,0.004856023148022359,0.0013489806691226972,0.024227002410043497,0.02224341192579066,0.03440786416467745,0.03414044036445293,0.013183367882447783,0.009662967926653271,0.013770071724138688,0.009388163745064628
078_955__dissolve8,Face2Face,1,dissolve8,0.03030086401849985,0.001243871220320396,0.07456862460821867,0.023182888414610078,0.08582460880279541,0.033306889189826744,0.04398753494024277,0.009696514966587225,0.04688387853093445,0.009422098301132923
078_955__fade16,Face2Face,1,fade16,0.042246388911735266,0.0011502965825306956,0.05643976660212502,0.0235436650815881,0.06070974044268951,0.034110592981095166,0.05490596196614206,0.010110260055228634,0.06506650353549048,0.009710314538944694
078_955__fade32,Face2Face,1,fade32,0.022491710842587054,0.0010615855086750041,0.031177994387689978,0.02138494489040097,0.0360361489438219,0.03336482483829404,0.029443239414831623,0.00943435354816631,0.03480314872285817,0.009022308360977933
078_955__fade8,Face2Face,1,fade8,0.07736749784089625,0.0012466562977417263,0.09989703190512955,0.0226864968709698,0.10220443666912615,0.03349295563089687,0.1015633053611964,0.009261763814064834,0.11699575441889465,0.009298542474589503
078_955__hard_cut,Face2Face,1,hard_cut,0.0917572974091551,0.0011881570551510884,0.11298219362894694,0.022806417221160037,0.1372340271870295,0.0354779350287202,0.09443402911225955,0.00931403863389771,0.11485610902309418,0.009549347379923625
102_114__control,Face2Face,1,control,0.0044179078346739216,0.004722758141046358,0.02339738669494788,0.02161258953757647,0.03326402232050896,0.023066930484689645,0.015005391711990038,0.013211000691980944,0.01218652663131555,0.009967089899010578
102_114__dissolve16,Face2Face,1,dissolve16,0.017277377715799958,0.007396378495630998,0.04821749811526388,0.02633180411405934,0.0582972161937505,0.0290950818475589,0.039990075456444174,0.01397803022969261,0.03611434792401269,0.011754743024724925
102_114__dissolve32,Face2Face,1,dissolve32,0.011909107852261513,0.0074426965017257065,0.03787154090241529,0.024827045388519764,0.04027800270705484,0.026993992840121876,0.026771907840156928,0.013613423107769983,0.02372971299337223,0.011166142347943166
102_114__dissolve64,Face2Face,1,dissolve64,0.00926633363997098,0.007553566814484922,0.028509467156254686,0.02463776548816399,0.03258142554113874,0.026216863586821338,0.020120881556067616,0.011952421596189115,0.01776719220652012,0.010824665854769674
102_114__dissolve8,Face2Face,1,dissolve8,0.027351697208359838,0.007378177429960521,0.07256985106505454,0.024350889090045885,0.0749952916521579,0.026930426788591855,0.05469869542866945,0.014201070760955682,0.05366754112765193,0.011216407429913545
102_114__fade16,Face2Face,1,fade16,0.03559942956781015,0.007390029335087075,0.03956143633695319,0.025647789361949974,0.04350320855155587,0.027872018588399425,0.0421334458515048,0.014001907267634875,0.04818033427000046,0.011479316706525034
102_114__fade32,Face2Face,1,fade32,0.01979799140826799,0.0074458330355841535,0.023453796793135903,0.024255264686934393,0.025245855862815535,0.0260944120243363,0.02426292975724209,0.013784468867120215,0.026360564108472317,0.010969676567113092
102_114__fade8,Face2Face,1,fade8,0.06360401259735227,0.007384388235624175,0.07170048379339278,0.024880634297759417,0.07914802350569516,0.026511322018933726,0.07422532001510262,0.014021688780688622,0.08599911257624626,0.01114858811100324
102_114__hard_cut,Face2Face,1,hard_cut,0.07514955258617799,0.0073275796919114,0.14074631283680597,0.02486616215802792,0.12111496677001317,0.027303018072477966,0.12526405354340872,0.013932282434602788,0.10590382168690364,0.011260381021726308
114_102__control,Face2Face,1,control,0.008486024724940458,0.008744119204801776,0.02250385315467914,0.022029360999467673,0.019620273262262344,0.021584210717079815,0.019002045194307964,0.011481335595293539,0.012603405863046646,0.009683205969079192
114_102__dissolve16,Face2Face,1,dissolve16,0.02562475251033902,0.005412500018527442,0.0557134123519063,0.02649485120986073,0.06279378558974713,0.031580496251072225,0.042577621003147215,0.01599275362643965,0.0408383589820005,0.013146349650500253
114_102__dissolve32,Face2Face,1,dissolve32,0.016441245941678062,0.005370529248090139,0.04379001187044196,0.02819876138327627,0.04158315212407615,0.03189804519248334,0.03011303662788123,0.017588181583740717,0.02756499103270471,0.013918670357322726
114_102__dissolve64,Face2Face,1,dissolve64,0.010464123013662174,0.005680760196198455,0.029164419254811946,0.03226137516956607,0.03786282949295128,0.03630649151111191,0.021912370848440332,0.020041271520312876,0.019908306319848634,0.016254315910522232
114_102__dissolve8,Face2Face,1,dissolve8,0.04398710560053587,0.005735368204884113,0.09323489689268172,0.029126116611076065,0.0902835875749588,0.03214707081667609,0.06214810279197991,0.01645366347506055,0.06441346649080515,0.013698312278778234
114_102__fade16,Face2Face,1,fade16,0.03735064633656293,0.005420649134287231,0.04555618774611503,0.027193110108994924,0.050316660141106695,0.03259996853958707,0.049047011823859066,0.01669873083089433,0.056721438479144126,0.013437244923586406
114_102__fade32,Face2Face,1,fade32,0.02151178798521869,0.0053721995587359,0.03181886150231285,0.026367310101558433,0.03136304008864587,0.03084842521622349,0.027112116789794527,0.01620575151708641,0.031156745775660966,0.01310605654525089
114_102__fade8,Face2Face,1,fade8,0.0652207718230784,0.005748624363043639,0.08120017941109836,0.02811386526681835,0.08714569173753262,0.03020782227028027,0.09295076131820679,0.017179739750661626,0.10157528752461076,0.013548198887063106
114_102__hard_cut,Face2Face,1,hard_cut,0.12329313065856695,0.005799126684057953,0.2138270785411199,0.02938799395559403,0.15406997501850128,0.031451996584310415,0.12374698991576831,0.017031925561210394,0.11904879907766978,0.013679553240624462
128_896__control,Face2Face,1,control,0.008801125921308994,0.0028945649650946293,0.03893155480424563,0.03685208912139711,0.0445865181585153,0.045874729612447575,0.028342391053835552,0.020745087340000575,0.019958422519266605,0.017091317694255356
128_896__dissolve16,Face2Face,1,dissolve16,0.019983087084256113,0.0030991391906654915,0.06664972915314138,0.03237958977313134,0.0697909687878564,0.036723119437296704,0.06597497803159058,0.01806717069403639,0.05362498154863715,0.013951212870752782
128_896__dissolve32,Face2Face,1,dissolve32,0.012146722438046709,0.002823327197666526,0.04803931916831061,0.03343490488364243,0.04734401864698157,0.03816990910804477,0.04308559582568705,0.018256236148741226,0.03406158130383119,0.014129242102412143
128_896__dissolve64,Face2Face,1,dissolve64,0.007800159844919108,0.00194019609533081,0.041256386910390574,0.02529598287708888,0.04564686909725424,0.03216520173221149,0.03216301509382902,0.014696991255252876,0.026341102842707187,0.011595329748127948
128_896__dissolve8,Face2Face,1,dissolve8,0.03609395772218704,0.003247078342954754,0.09144677594304085,0.03234230120076907,0.09483278566040099,0.03989511985449238,0.11123144626617432,0.017865741430353875,0.08298132568597794,0.014357546682108764
128_896__fade16,Face2Face,1,fade16,0.05750147544313222,0.003117541836527203,0.04580744059057906,0.032420825138032544,0.05082924437010661,0.036640825138870375,0.0582671802258119,0.018248895154949457,0.058167337090708315,0.014156119369006561
128_896__fade32,Face2Face,1,fade32,0.03179294490837492,0.0028306827957383304,0.027647382369445216,0.031567143578076974,0.029802162891193744,0.037838503440049874,0.031045348427142017,0.01746047355084755,0.03135786250641104,0.01371656020503791
128_896__fade8,Face2Face,1,fade8,0.10231785709038377,0.0032549294001246627,0.08190119930077344,0.030672149069351354,0.09420303138904274,0.036270454572094185,0.10259804804809391,0.016836052412284655,0.10342700756154954,0.01332481281185808
128_896__hard_cut,Face2Face,1,hard_cut,0.10524931538384408,0.0032348560311898623,0.14679370323816934,0.034316850734886446,0.13137719283501306,0.04123917216103587,0.20020264138778052,0.01847800723734801,0.14468467980623245,0.0151131572537282
135_880__control,Face2Face,1,control,0.01006800246735414,0.0011380874330840878,0.09122615059216817,0.06641221357414782,0.07238464926679929,0.05197982443496585,0.04449380189180374,0.032463350775257006,0.03419734785954157,0.02410581787669305
135_880__dissolve16,Face2Face,1,dissolve16,0.025314709753729403,0.0033052158259415944,0.06045437107483546,0.043943267333710075,0.07872284390032291,0.03663641748072815,0.07017529779113829,0.02154628271734324,0.0600682336371392,0.01656531207986827
135_880__dissolve32,Face2Face,1,dissolve32,0.014610771759180352,0.0033970123160919495,0.05508699666825123,0.044736772556200455,0.07146895160117457,0.0361907450728461,0.05051408091094345,0.020269931513473564,0.04779970442177728,0.01636516140110191
135_880__dissolve64,Face2Face,1,dissolve64,0.008758353607845493,0.003662254786203531,0.04891110888667523,0.04842004161328077,0.053211655275570965,0.037164240504022346,0.038270057855697814,0.02279337780888785,0.03329613643290941,0.01787082585506141
135_880__dissolve8,Face2Face,1,dissolve8,0.04072431894019246,0.00341778013987366,0.06043505934732301,0.04544820807567957,0.10504333581775427,0.03665351968673939,0.06940744444727898,0.023065336424068692,0.08176808524876833,0.017028988131347136
135_880__fade16,Face2Face,1,fade16,0.04254247515928,0.0033116530258552107,0.06280570700764657,0.04275680012386111,0.08092229493195191,0.03551070572519042,0.05902851826976985,0.021536783462173296,0.07618144631851465,0.01614494197007305
135_880__fade32,Face2Face,1,fade32,0.022595141810597852,0.0033949121512370935,0.04074423195173343,0.0443765285435593,0.04699749959399924,0.03550522073557408,0.03752740056370385,0.020058894417537696,0.04192052863072604,0.016127855926430946
135_880__fade8,Face2Face,1,fade8,0.07568130269646645,0.00341866945277329,0.12320419294493538,0.044363115150649265,0.15520892292261124,0.0359795609539425,0.10968187125399709,0.022419876626667543,0.1433884627185762,0.016750658547656762
135_880__hard_cut,Face2Face,1,hard_cut,0.10313846574475367,0.003730438166728117,0.38634459177652997,0.044570962635018876,0.29363912840684253,0.035254140491044875,0.24711633970340094,0.02257080427449891,0.34717894593874615,0.01674753834367177
000_003__control,FaceSwap,1,control,0.0013070586428511888,0.003361720242044273,0.06235934545596441,0.04681427999383817,0.060629118233919144,0.05946092470943675,0.022307445605595905,0.019265480290198603,0.021202257523934048,0.018984651264055807
000_003__dissolve16,FaceSwap,1,dissolve16,0.021414773305878043,0.0022694256780578675,0.0508595306891948,0.044191415973224686,0.07280475343577564,0.058316227600195454,0.04641702660592273,0.022671451880280108,0.040223089628852904,0.021201730217531467
000_003__dissolve32,FaceSwap,1,dissolve32,0.011719392728991807,0.002099693456434527,0.04343740321928635,0.045264244229457844,0.0618451886693947,0.05790267161082947,0.03215623818687163,0.023581335128381335,0.029912549565779045,0.021615469250185735
000_003__dissolve64,FaceSwap,1,dissolve64,0.006548074867168907,0.0023933247980577024,0.03489621140761301,0.045696942863816564,0.04966859126579948,0.05884155727584254,0.024454664380755275,0.02383027961477637,0.023188558348920196,0.02196062876080925
000_003__dissolve8,FaceSwap,1,dissolve8,0.03785846708342433,0.0022885216854151907,0.07735892990604043,0.043054668904022056,0.0996244098059833,0.05993426198492179,0.07325016148388386,0.022610101845694352,0.06252577644772828,0.02123865946657486
000_003__fade16,FaceSwap,1,fade16,0.05038100678939372,0.002270295592680465,0.04718599538318813,0.043053904765294596,0.055692176771117374,0.05764599795480376,0.05438704462721944,0.022524077171749136,0.057697774085681885,0.02101669964172597
000_003__fade32,FaceSwap,1,fade32,0.025717229553265497,0.0021007125186948,0.02916490993811749,0.042926776329933226,0.03916028649837244,0.05590072668146813,0.028370328014716506,0.021891648217436225,0.031859781811363064,0.020401497135987913
000_003__fade8,FaceSwap,1,fade8,0.09294789796695113,0.002287630318991236,0.07544515770860016,0.041535567139854304,0.08332610141951591,0.057692027046672395,0.09683278831653297,0.021391765445235883,0.10107988677918911,0.020157532565094328
000_003__hard_cut,FaceSwap,1,hard_cut,0.11454952717758715,0.0024845829066796766,0.16700912018616995,0.04306615342906976,0.17048890888690948,0.06143387511246285,0.17526473353306452,0.02294451458442767,0.12838071833054224,0.021241157260423495
003_000__control,FaceSwap,1,control,0.0009327884569453696,0.0019351865847642392,0.03803825502594312,0.040566381445880664,0.020891720118621986,0.060230877708201694,0.018445294660826523,0.026280509698662465,0.017828200943768024,0.02308747914256686
003_000__dissolve16,FaceSwap,1,dissolve16,0.014367223135195673,0.0020249003789713153,0.0703218636335805,0.04409009867881253,0.06511634960770607,0.04548274672327979,0.06381740572396666,0.02201718822216561,0.052635161322541535,0.01961914204440794
003_000__dissolve32,FaceSwap,1,dissolve32,0.008184279038687237,0.0020616418854654604,0.05106836123741232,0.04501822667902913,0.05691936981747858,0.046417565266976414,0.04025379837548826,0.022599749277806145,0.035249590218882076,0.020186344889559966
003_000__dissolve64,FaceSwap,1,dissolve64,0.004505651362705976,0.0024970326604406264,0.03413658901263261,0.04679065980017185,0.04276531781943049,0.05374485924839974,0.026768835203256458,0.025514280948449264,0.02392785179108614,0.02192216424102133
003_000__dissolve8,FaceSwap,1,dissolve8,0.02585442503914237,0.0021610357515463555,0.07004713849164546,0.04402190841197431,0.0617377667222172,0.04766304344610051,0.06791394343599677,0.021625427176823486,0.05583433550782502,0.02003535447088448
003_000__fade16,FaceSwap,1,fade16,0.036502892384305596,0.0020331578222962405,0.054057062458014116,0.04529464429298651,0.054576517490204424,0.04809697535684676,0.05059494078159332,0.023059127130093577,0.058064920420292765,0.02042067197413699
003_000__fade32,FaceSwap,1,fade32,0.01966006588190794,0.0020623358632919603,0.03271767369005829,0.043337341601393006,0.036989987958804704,0.04813511374181714,0.02565537075861357,0.022573402413734418,0.03204506305337418,0.019963294508513706
003_000__fade8,FaceSwap,1,fade8,0.0655414517968893,0.0021622703255464635,0.09620494127739221,0.04534054060911273,0.09188998444005847,0.04940942293955936,0.09934724634513259,0.022750386879108176,0.1040874463506043,0.020691925605238828
003_000__hard_cut,FaceSwap,1,hard_cut,0.078027364545657,0.0022166994078700445,0.15492890775203705,0.044741302034107304,0.18343941370646158,0.04870374578098625,0.22115143140157065,0.022027128814103996,0.18311197062333426,0.02023520920488794
012_026__control,FaceSwap,1,control,0.001452685915865004,0.0020271147861761056,0.05656092117230097,0.05263902108042927,0.046093329787254333,0.04068082021707195,0.024341244250535965,0.01819080046291258,0.02303823083639145,0.01863213289150242
012_026__dissolve16,FaceSwap,1,dissolve16,0.017387826461344957,0.0022332724681106008,0.06889514939393848,0.04824671493752778,0.06432935793418437,0.03741729667283667,0.05974925647024065,0.017425746964381157,0.05906744016101584,0.017650437283609967
012_026__dissolve32,FaceSwap,1,dissolve32,0.009965523408027366,0.002179897983087462,0.04690529059735127,0.05095640113898393,0.04617861798033118,0.03875971893276805,0.03641632793005556,0.017172867030804527,0.036965505467378534,0.018179720567389465
012_026__dissolve64,FaceSwap,1,dissolve64,0.005906585189222824,0.0021945540719157594,0.04272895677422639,0.04977397070350972,0.040635463257785887,0.03633592179553075,0.025806586767430417,0.016068991324441,0.026702578135882504,0.017930062386122617
012_026__dissolve8,FaceSwap,1,dissolve8,0.03201934602111578,0.002269416408265127,0.08635579189285636,0.04866365593363036,0.09045488690026104,0.038823578414414917,0.09495218470692635,0.01722631791421959,0.08969374257139862,0.017768936424709118
012_026__fade16,FaceSwap,1,fade16,0.04315006185788661,0.0022425547946307773,0.04620965337380767,0.04922571058556872,0.04851792141562328,0.038570705588762334,0.041895232687238604,0.01705597618196919,0.050580643641296774,0.01781518090498245
012_026__fade32,FaceSwap,1,fade32,0.022841860496555455,0.0021858650551380954,0.027171883950359188,0.05026438702754248,0.027848998215631582,0.03737212155528109,0.022788448157371022,0.01696003504611295,0.027347188486601226,0.018007682791600626
012_026__fade8,FaceSwap,1,fade8,0.07795791514217854,0.0022674339995425834,0.07928853156045079,0.04761241880656631,0.08898482006043196,0.037570575554225896,0.08717503794468939,0.016699579640853782,0.09336963319219649,0.01730314068714375
012_026__hard_cut,FaceSwap,1,hard_cut,0.09717072723045324,0.002230851207090289,0.20106279850006104,0.04812610508495216,0.2175722817579905,0.03872196134811236,0.20536763469378153,0.017386154591311084,0.1910421202580134,0.017669650145916867
015_919__control,FaceSwap,1,control,0.010573460720479488,0.01079398202630928,0.03109334719677766,0.031774028164918644,0.05108527963360151,0.0388042816371357,0.022175196558237076,0.014838269570353045,0.01827021377782027,0.015389876799279098
015_919__dissolve16,FaceSwap,1,dissolve16,0.014290111896116287,0.005616963427209801,0.039120228379033506,0.04418859937345808,0.0374015630222857,0.03781223443599002,0.027525416109710932,0.0141139825177605,0.021661033446434885,0.016035918028826274
015_919__dissolve32,FaceSwap,1,dissolve32,0.01026586904481519,0.005563577826920329,0.03513935915543698,0.045380038530405224,0.02999265189282596,0.038842442017262696,0.020436642691493034,0.013875455097777063,0.017915626609465107,0.016257297515269668
015_919__dissolve64,FaceSwap,1,dissolve64,0.008183065699995495,0.005433405489681966,0.03790700335230213,0.04741175367750905,0.028538368816953152,0.0398399198258465,0.01600275766395498,0.013834446384994821,0.016316601264406927,0.01658939920704473
015_919__dissolve8,FaceSwap,1,dissolve8,0.02232824289239943,0.005638912946000477,0.04617283632978797,0.043390789295773245,0.05435604276135564,0.037566138540503675,0.03869732841849327,0.014243536400147251,0.028268287423998117,0.016090346441545465
015_919__fade16,FaceSwap,1,fade16,0.034493739309255034,0.005623701325497925,0.041469290445093066,0.04684105497396108,0.04844921233598143,0.03752115320920655,0.04197427164763212,0.014326750615032987,0.05423905828502029,0.016471414288813338
015_919__fade32,FaceSwap,1,fade32,0.019275830491096713,0.0055754130526215655,0.027322994734277017,0.04666273288385964,0.02919842857227195,0.03915823822648361,0.024175957551051397,0.01354439645448978,0.030034239374799654,0.01620591854698014
015_919__fade8,FaceSwap,1,fade8,0.06018923968076706,0.005636218708188919,0.06830468098632991,0.04312563693436148,0.0843467537779361,0.0375526396993984,0.07782568479888141,0.01430202174831081,0.09620237071067095,0.016066519581284876
015_919__hard_cut,FaceSwap,1,hard_cut,0.05859834068299582,0.005672491751946666,0.1099950944383939,0.044364338061945924,0.11976155638694763,0.03716581000678115,0.08904407421747844,0.013746266626216218,0.0686537337799867,0.016043042322084054
024_073__control,FaceSwap,1,control,0.001284967331836621,0.0025177251005454493,0.05086411846180757,0.038068466046351494,0.039917598168055214,0.030460440095956044,0.010258662980049849,0.014868113638485893,0.013089821673929691,0.014739784262127291
024_073__dissolve16,FaceSwap,1,dissolve16,0.019694451824761927,0.001200771110993584,0.04324320063460618,0.029890233264259488,0.04769824363756925,0.034706437698050034,0.02781653281999752,0.016202674724288213,0.030384155630599707,0.014268564236648743
024_073__dissolve32,FaceSwap,1,dissolve32,0.010537275331444107,0.0011411456377165199,0.03574067438603379,0.02975297224675787,0.03809101169463247,0.03272107415886103,0.021321195643395185,0.015419146527761015,0.022344607510603964,0.013954996302638245
024_073__dissolve64,FaceSwap,1,dissolve64,0.00590809799177805,0.001045245098860257,0.03310698441055138,0.022864103376526723,0.03544893080834299,0.02915382044051181,0.02043467725161463,0.01233250833624466,0.020025210797030013,0.011229174651882865
024_073__dissolve8,FaceSwap,1,dissolve8,0.03322345553897321,0.0012515877876409774,0.06365403532981873,0.03103532322246145,0.07396321510896087,0.034448589038875724,0.04638980654999614,0.015984890145576885,0.04876382648944855,0.014529526699334383
024_073__fade16,FaceSwap,1,fade16,0.03388859797269106,0.0012054391430229745,0.044358753599226475,0.030624708653545205,0.04967620084062219,0.03372535292167687,0.039901426644064486,0.01612898990855489,0.05090898717753589,0.014269327731278626
024_073__fade32,FaceSwap,1,fade32,0.017511895988718607,0.0011507973587408062,0.02819772850489244,0.030411254700230456,0.029683752916753292,0.03334846276918362,0.02375062675855588,0.01605389894243201,0.028582912098499946,0.014212250581075406
024_073__fade8,FaceSwap,1,fade8,0.06103318138048053,0.0012448279384779533,0.07473272224888206,0.030521126707327796,0.0885436711832881,0.03372014463283457,0.07463491032831371,0.016025448324964255,0.09038658323697746,0.014272353909741919
024_073__hard_cut,FaceSwap,1,hard_cut,0.10002514770409714,0.0015403847234773498,0.1817438155412674,0.031212683108051198,0.1801513358950615,0.03332062269229505,0.11386823281645775,0.016373472880193238,0.11635589847962062,0.014369884545330778
026_012__control,FaceSwap,1,control,0.0004137668292969465,0.0007929225566686462,0.024420637637376785,0.026626375034230494,0.03991945336262385,0.041735764127224684,0.024189886637032032,0.0181817260582663,0.01570607318232457,0.015072973867310054
026_012__dissolve16,FaceSwap,1,dissolve16,0.012640868604648858,0.0008108931363591906,0.041038007009774446,0.026748017844228634,0.054007864207960665,0.03256731804966637,0.03249968565069139,0.014891248602121706,0.028687249461654574,0.012742845016052422
026_012__dissolve32,FaceSwap,1,dissolve32,0.006836262793513015,0.0008033326373371327,0.032051921414677054,0.026242495691082602,0.03567163800471462,0.0314199128214955,0.022650109109235927,0.014162290896203411,0.020628079189918935,0.012119706647855968
026_012__dissolve64,FaceSwap,1,dissolve64,0.003894887475325959,0.0006897982373960655,0.02891480098332977,0.02675145330246199,0.034715520952886436,0.029203533787618984,0.02102047178777866,0.012709979450499469,0.01836783694307087,0.011241808605634354
026_012__dissolve8,FaceSwap,1,dissolve8,0.02361261355690658,0.0008055090921016427,0.05875185807235539,0.026196601716717623,0.0682201839517802,0.032236352462220834,0.0456447119358927,0.014933521910738368,0.04243329539895058,0.012478188622054888
026_012__fade16,FaceSwap,1,fade16,0.02666889934334904,0.0008223965912107921,0.038596370723098516,0.026767887473468064,0.046194940397981554,0.032727337912520735,0.04315292835235596,0.014869642541156088,0.050591171835549176,0.012636095292197124
026_012__fade32,FaceSwap,1,fade32,0.014149648355669342,0.000816379868139074,0.02249262697296217,0.02820531476353263,0.028685361685347743,0.032478402622964704,0.023703677608864382,0.01554787329440915,0.027376947706216015,0.012813398172950437
026_012__fade8,FaceSwap,1,fade8,0.04759948281571269,0.0008061824265242394,0.06827697437256575,0.027232719448957225,0.08346880716271698,0.03290789108723402,0.07605905388481915,0.014453888930556541,0.09186001471243799,0.012631878170797282
026_012__hard_cut,FaceSwap,1,hard_cut,0.07142606572597288,0.000802829885811908,0.17946036905050278,0.025239905377976216,0.18373927970727286,0.0316335762539184,0.10319823337097962,0.014189140886952311,0.10856206715106964,0.012199229308230392
029_048__control,FaceSwap,1,control,0.0011487151496112347,0.0006376276072903962,0.07525761673847835,0.05395530291312074,0.03797191008925438,0.031175571359630862,0.01831246850391229,0.012676944674024264,0.019574074385066826,0.015988872674593733
029_048__dissolve16,FaceSwap,1,dissolve16,0.017084991734009236,0.002090379033106022,0.07384924928192049,0.039960651007453794,0.04405215010046959,0.03830494728047871,0.045367460581474006,0.014582282741490787,0.03917726781219244,0.015828140229167578
029_048__dissolve32,FaceSwap,1,dissolve32,0.009887487860396504,0.0022544116940919376,0.053400754870381206,0.03950512944453064,0.03728989542287309,0.03763704389419364,0.02878813777351752,0.01390307710570251,0.027034000057028607,0.015516641346373778
029_048__dissolve64,FaceSwap,1,dissolve64,0.006001434063364286,0.002795112425122749,0.040518514841096476,0.03985516671091318,0.029996523342560977,0.03799740768630396,0.019227457254601177,0.013467549189755863,0.020076113229151815,0.016182803582738745
029_048__dissolve8,FaceSwap,1,dissolve8,0.029684183420613408,0.0020890460447418745,0.10547575913369656,0.036628241264806675,0.059523058123886585,0.03659539564034423,0.07360747642815113,0.014090429355918959,0.05979396845214069,0.015012088911356154
029_048__fade16,FaceSwap,1,fade16,0.048045288189314306,0.002117463754808182,0.048931404831819236,0.03853797649476424,0.05897529615322128,0.038214002943878035,0.04635074292309582,0.013839985609045523,0.06077264540363103,0.015397081553972172
029_048__fade32,FaceSwap,1,fade32,0.025586884876247495,0.0022646868767032145,0.03229951392131625,0.04080225107656128,0.035558488496462815,0.03760483805304286,0.025380460632732138,0.014778628871754754,0.033359349574311636,0.016104559499727583
029_048__fade8,FaceSwap,1,fade8,0.0846045317593962,0.002104850163287903,0.0847483747638762,0.03900589762876431,0.1003389956895262,0.037412848785049746,0.08611716725863516,0.013888028261528627,0.10847233980894089,0.015532640119393667
029_048__hard_cut,FaceSwap,1,hard_cut,0.088114744440342,0.002100879992397849,0.17828085025151572,0.03837816616109872,0.1183243915438652,0.03787658815035375,0.16685561587413153,0.014546151474212943,0.14362634966770807,0.015513375113418295
035_036__control,FaceSwap,1,control,0.0006971360029031833,0.0006814365498662405,0.03333692376812299,0.028435406409267148,0.030690914640824,0.021163325817955627,0.01422533734391133,0.0123831936300306,0.014447976214190325,0.010204784360998389
035_036__dissolve16,FaceSwap,1,dissolve16,0.02140128333121538,0.005757683153983061,0.038727677310816944,0.025381896938694623,0.040187165897805244,0.026039198009315336,0.025355998484883457,0.014892283601017253,0.02296364348148927,0.01122683696946111
035_036__dissolve32,FaceSwap,1,dissolve32,0.01280575298005715,0.005789789957617913,0.025889032083796337,0.025778757124582583,0.03001903634867631,0.026551170290672575,0.01859705481911078,0.014503816097182617,0.016565778671065345,0.011234209222462157
035_036__dissolve64,FaceSwap,1,dissolve64,0.008970073569798842,0.005872188368812203,0.02381743366277078,0.026782305174591868,0.027063264322350733,0.029845050163567068,0.016908891124330694,0.015344908884303137,0.014403494187718024,0.01185465038500049
035_036__dissolve8,FaceSwap,1,dissolve8,0.03843273548409343,0.005683215469780571,0.0503468771930784,0.02447494754131447,0.05917350994423032,0.027216809210241645,0.0326572188641876,0.014748476210746679,0.03154370095580816,0.01125192148652901
035_036__fade16,FaceSwap,1,fade16,0.04268330871127546,0.005766014981047404,0.043004395673051476,0.02366478655270292,0.0404042053851299,0.026570665265786126,0.04343827982665971,0.014423386937513659,0.046568084886530414,0.01093270161722615
035_036__fade32,FaceSwap,1,fade32,0.023260781075805426,0.005793509552263302,0.022203704529601964,0.024474408129636926,0.025440990684728604,0.027449585668657017,0.02376887328864541,0.014566285072708096,0.024944507276813965,0.011028548397509188
035_036__fade8,FaceSwap,1,fade8,0.07635405287146568,0.0056828114357231575,0.06524733710102737,0.025191606601347793,0.06526068539824337,0.028115552778750122,0.07513380888849497,0.015205102079120037,0.08027666958514601,0.011466551278424155
035_036__hard_cut,FaceSwap,1,hard_cut,0.11360691728380819,0.005541725961493439,0.11730134983857472,0.025717710188226932,0.1063366358478864,0.0272706770574895,0.08309179544448853,0.015066591201949928,0.07016118119160335,0.011559587668517005
036_035__control,FaceSwap,1,control,0.007147614844143391,0.01022945053607099,0.017432786524295807,0.021236453307950397,0.023692920804023743,0.035117039867376874,0.015013594180345535,0.015366442641637966,0.010034768066058556,0.012110265029073393
036_035__dissolve16,FaceSwap,1,dissolve16,0.020224438281729817,0.005886048844278546,0.053104582359083,0.028192392206814104,0.04909670859342441,0.041873116679127936,0.04349440347868949,0.018091432927673665,0.03607562166871503,0.014810721930206834
036_035__dissolve32,FaceSwap,1,dissolve32,0.012397810292895883,0.005939645581643215,0.03434031500364654,0.02715289010933932,0.04115324170561507,0.03941124220025437,0.02903756851446815,0.01833470847628925,0.023577232772368006,0.014486216367275893
036_035__dissolve64,FaceSwap,1,dissolve64,0.008709805777471047,0.0062166321324184535,0.02651570081070531,0.03035630637525835,0.03777354225167073,0.03993946100500497,0.020544552855426446,0.016900261368771846,0.017904346830619033,0.014967046326703646
036_035__dissolve8,FaceSwap,1,dissolve8,0.03457709029316902,0.005890507209597173,0.07745310897007585,0.027381478032718103,0.06979153444990516,0.04338311914958664,0.07355363527312875,0.01828478133465323,0.05739373853430152,0.01471768511534744
036_035__fade16,FaceSwap,1,fade16,0.04890456877183169,0.005892352483040897,0.04512809921288863,0.02782652163154726,0.04862174211302772,0.04093234154205878,0.04794775217305869,0.017755059373917654,0.05605196498800069,0.014572194788731563
036_035__fade32,FaceSwap,1,fade32,0.02648478241462726,0.0059400013542263074,0.02478843688732013,0.02739817611659053,0.03252567977324361,0.04013553558281441,0.025708735949592665,0.017853064925527608,0.03040685463201953,0.014376517508350227
036_035__fade8,FaceSwap,1,fade8,0.08706313371658325,0.005900704189673536,0.07387270184699446,0.027224609804515902,0.08608977473340929,0.042951010100476375,0.08938799379393458,0.01828495869496921,0.09879028447903693,0.014753103891790315
036_035__hard_cut,FaceSwap,1,hard_cut,0.10075445302451651,0.005940812976805935,0.11269126087427139,0.02725707895075113,0.1275777667760849,0.042176343500614166,0.14606227477391562,0.01834177204123619,0.11825699359178543,0.014668934688492978
044_945__control,FaceSwap,1,control,0.009776196132103602,0.005007627611522073,0.03513701818883419,0.027147125275174187,0.03755136951804161,0.03829121240809307,0.014294588627914587,0.011536224587362701,0.014426780243714651,0.013299601069667329
044_945__dissolve16,FaceSwap,1,dissolve16,0.01779584208270535,0.002043730722857838,0.0639463986735791,0.03702681490844025,0.06272655015345663,0.03566994808288743,0.040625908179208636,0.013303477803100516,0.051578673301264644,0.015570720915402313
044_945__dissolve32,FaceSwap,1,dissolve32,0.011018821896868758,0.001785133686150831,0.04274202178930864,0.03743697616175331,0.0472874709230382,0.03704910818487406,0.028372496191877872,0.013160603088808471,0.03314467708696611,0.015803735807602262
044_945__dissolve64,FaceSwap,1,dissolve64,0.006342718425003113,0.001960415674230634,0.037166419308050536,0.03291664443571459,0.039677564753219485,0.03343014165928418,0.020835959468968213,0.011029195821505378,0.023781273572240025,0.013711312709545547
044_945__dissolve8,FaceSwap,1,dissolve8,0.03111101849935949,0.0022446534417172146,0.08330043591558933,0.03593407011683191,0.0877223345451057,0.03445410148947508,0.06474963272921741,0.012806779223594916,0.07911388296633959,0.015083889799981235
044_945__fade16,FaceSwap,1,fade16,0.053866318019572645,0.0020562528746453502,0.050192682072520256,0.03604888519977482,0.06514800095465034,0.03477678482095232,0.04782817850355059,0.012638306530029739,0.06264326971722767,0.015053827410509575
044_945__fade32,FaceSwap,1,fade32,0.028883571008918807,0.0018042339002492774,0.02958536815018423,0.0395934809448904,0.03707786373073055,0.03828391549445089,0.025383018248248845,0.014275081891261426,0.03355107136303559,0.01664499599679277
044_945__fade8,FaceSwap,1,fade8,0.09714386914856732,0.002260308682174959,0.08404674334451556,0.03440087336862275,0.11917822784744203,0.03355825466716343,0.09368927567265928,0.01269671010159728,0.1126641898881644,0.014572168520005705
044_945__hard_cut,FaceSwap,1,hard_cut,0.08651304940576665,0.0023558695738448493,0.2478667547305425,0.03640316775605335,0.12797304739554724,0.03605140984291211,0.17008755604426065,0.01335295676786484,0.17309361199537912,0.015533716214615537
047_862__control,FaceSwap,1,control,0.0004250297012428443,0.0006595378709188466,0.052608054131269455,0.04400066312370916,0.05159263561169306,0.04114132490545764,0.020158193695048492,0.016345287486713506,0.023283416405320168,0.01854502349713091
047_862__dissolve16,FaceSwap,1,dissolve16,0.017980349017307162,0.0026237539589875243,0.028460840112529695,0.03129101998525337,0.03357906319433823,0.03945976177465568,0.03268584061879665,0.014599393644071753,0.031298842281103134,0.014674026098608682
047_862__dissolve32,FaceSwap,1,dissolve32,0.010280859569320455,0.0027049732610788034,0.029598175678984262,0.029574221690538628,0.03359959565568715,0.03730354048097613,0.02545623960031662,0.01290524617806291,0.02624622712028213,0.013800796587020159
047_862__dissolve64,FaceSwap,1,dissolve64,0.006729028664267389,0.00237665172026027,0.027526797668542713,0.028459316415881567,0.0298456127056852,0.035228703391145574,0.016941460249654483,0.013678662976334717,0.01741269649210153,0.013750466306439856
047_862__dissolve8,FaceSwap,1,dissolve8,0.032695171888917685,0.002588430626371871,0.04543305328115821,0.0309446916563084,0.053365678526461124,0.03854775854159851,0.06321429461240768,0.01395306349857836,0.05841582687571645,0.014463347449965842
047_862__fade16,FaceSwap,1,fade16,0.04657561355270445,0.00262441741463952,0.04208686118363403,0.030561321130185164,0.054705199087038636,0.03700901317473465,0.04513074550777674,0.012547284981814547,0.05517663829959929,0.014101143243713575
047_862__fade32,FaceSwap,1,fade32,0.02456543112930376,0.0027072639801692024,0.02740013591885086,0.02981519193292178,0.03334696554520633,0.03710151868390626,0.023908487215521745,0.012943758372345874,0.02991170375025831,0.013931202509536826
047_862__fade8,FaceSwap,1,fade8,0.08483064686879516,0.002587629194913625,0.07718765875324607,0.030227462815641013,0.09870407823473215,0.03664905404218951,0.08608986856415868,0.01228349450304433,0.10111295874230564,0.013912430716896648
047_862__hard_cut,FaceSwap,1,hard_cut,0.0990883811415794,0.0025407439853105166,0.12579626590013504,0.03309594835865043,0.18783490856488547,0.03923230570883064,0.2564061681429545,0.014932289041807654,0.18195463716983795,0.01522366875798394
048_029__control,FaceSwap,1,control,0.0009144508900741736,0.001673387344314922,0.058360504607359566,0.032916564312842435,0.05372976387540499,0.048822678933393655,0.024183521047234535,0.020670165589979014,0.02308084691564242,0.016847745870571522
048_029__dissolve16,FaceSwap,1,dissolve16,0.02255948877427727,0.005054556869210006,0.03909116343129426,0.030385902671378504,0.03905636339914054,0.03873117580033333,0.030090095358900726,0.016061867882262517,0.025036781444214284,0.014711564791036172
048_029__dissolve32,FaceSwap,1,dissolve32,0.013677743030712008,0.005169044066777174,0.02991142831160687,0.03201146275019166,0.03588862778269686,0.0384522493843032,0.019927999514038675,0.017624935654430896,0.01867718217545189,0.01537184418318258
048_029__dissolve64,FaceSwap,1,dissolve64,0.009375553476274945,0.005276192061137408,0.025966852830606513,0.030178221831606192,0.037076924767461605,0.035651122033596036,0.015737902802356984,0.017392829780212858,0.01583626751380507,0.01443810954012654
048_029__dissolve8,FaceSwap,1,dissolve8,0.03891973430290818,0.0050224784498421795,0.05337212886661291,0.030714744156612468,0.04941444145515561,0.037779387178923096,0.04668417130596936,0.016910708215725316,0.0362322258297354,0.01501291834220693
048_029__fade16,FaceSwap,1,fade16,0.03691422613337636,0.005050711792066368,0.04621323279570788,0.029493859779198193,0.05456212506396696,0.03867534062490591,0.04022301477380097,0.017185267189843128,0.05775064538465813,0.014960440956236958
048_029__fade32,FaceSwap,1,fade32,0.0198494084761478,0.005171675961625217,0.02692130881769117,0.029761942248020708,0.03407103665813338,0.037926843785948454,0.023567266456666403,0.016894810327232397,0.031960026411979925,0.014800243903936326
048_029__fade8,FaceSwap,1,fade8,0.06822732277214527,0.0050280396842297065,0.08063060929998755,0.03051644799442173,0.09362819814123213,0.03683016173172373,0.075053034350276,0.017209987514778168,0.1043282775208354,0.01503188473063412
048_029__hard_cut,FaceSwap,1,hard_cut,0.11154113393664981,0.004958445089869201,0.12130278845628102,0.03070917941030052,0.09804952517151833,0.03942221179762381,0.16813987493515015,0.017561774783751975,0.09893420214454333,0.0154623852458672
073_024__control,FaceSwap,1,control,0.0005246964962376902,0.001007358488820146,0.02828625279168288,0.028006817466753015,0.05170262729128202,0.029682705833939678,0.012317027896642685,0.009949518950711304,0.012663731351494789,0.011814656403010427
073_024__dissolve16,FaceSwap,1,dissolve16,0.016330456302966923,0.0005983732959613864,0.04065862623974681,0.024684294723697656,0.04751948779448867,0.032630688741405324,0.025740763929206878,0.009776718283831639,0.026655617402866483,0.012123047220475466
073_024__dissolve32,FaceSwap,1,dissolve32,0.008638228697236627,0.0006169955088588377,0.028482089517638087,0.024384333473769414,0.0402412531839218,0.03279641250298283,0.017781563103199005,0.00996552383120375,0.018561655102530494,0.01227468847372066
073_024__dissolve64,FaceSwap,1,dissolve64,0.004663943051127717,0.0006798389816222797,0.026193906480330043,0.021277953396466646,0.03363796867779456,0.031040611329742455,0.014226852203137241,0.009018160385841674,0.015544960006081965,0.010976563063873486
073_024__dissolve8,FaceSwap,1,dissolve8,0.030559409875422716,0.0005958218537564683,0.06383748771622777,0.02366314788122435,0.07161003723740578,0.034128011292400395,0.0368793832603842,0.009523334740954745,0.04127923049964011,0.011899824241629324
073_024__fade16,FaceSwap,1,fade16,0.041516796918585896,0.0005993288999606484,0.05581015915959142,0.024283382544312084,0.05794694626820274,0.033630117733320856,0.05433911056024954,0.009736339441835157,0.06356087687890977,0.012190231596779766
073_024__fade32,FaceSwap,1,fade32,0.02187719679204747,0.0006163218205837512,0.03175291146180825,0.024440632587106062,0.035591977582953405,0.03240476667495637,0.02849744375271257,0.00968023241181783,0.03409607757930644,0.012246313333596992
073_024__fade8,FaceSwap,1,fade8,0.07474708813242614,0.0005981273177501469,0.09800137719139457,0.02384077354023854,0.10601358104031533,0.033708696828332836,0.09969442803412676,0.009682015247374505,0.11366038350388408,0.012054255479728585
073_024__hard_cut,FaceSwap,1,hard_cut,0.09111030255250323,0.0006043643361254461,0.1050860658288002,0.02382659125220725,0.10388953487078349,0.033605101972155396,0.10314267749587695,0.00969277772760429,0.10795323799053828,0.011893161900057379
078_955__control,FaceSwap,1,control,0.0002780981740215793,0.0007912309506614061,0.022483137125770252,0.023571377114976866,0.02243007905781269,0.04190757483938488,0.006739709060639143,0.010899793127772667,0.00883760458479325,0.013264922993415492
078_955__dissolve16,FaceSwap,1,dissolve16,0.01617179164895788,0.0011423645920834494,0.038128221058286726,0.028703824915353535,0.05848176789004356,0.03853496421666509,0.02535212499788031,0.01134247099980712,0.027840796334203333,0.013449091552440258
078_955__dissolve32,FaceSwap,1,dissolve32,0.009175170649541542,0.001058466680817595,0.02748626415268518,0.03051434744192266,0.04179192989249714,0.038731215312948514,0.017680647550150752,0.01179422443764734,0.019018439983483404,0.013599060004812548
078_955__dissolve64,FaceSwap,1,dissolve64,0.0048340565226681065,0.001346916297916323,0.02586126871756278,0.031984070874750616,0.03580075401987415,0.041324388642202725,0.014352377416798845,0.011667535989545286,0.015559497405774891,0.014109698640690609
078_955__dissolve8,FaceSwap,1,dissolve8,0.03026822628453374,0.0012391479463035426,0.06000922410748899,0.02845633525804088,0.08708028099499643,0.03978444319554009,0.04193793097510934,0.011676882826807062,0.04425493907183409,0.013460117652341052
078_955__fade16,FaceSwap,1,fade16,0.04212520131841302,0.0011424544770033233,0.05531146639259532,0.029435931406553508,0.05960243186564185,0.03913081168802907,0.055349574075080454,0.011736937037904214,0.06431701796827838,0.01366338146470704
078_955__fade32,FaceSwap,1,fade32,0.022433655176428147,0.0010630783103754338,0.031181595484667923,0.03034691133632742,0.03718088557070587,0.038904109530836,0.029311290665646084,0.011241800513054276,0.03483487984340172,0.013434271065882224
078_955__fade8,FaceSwap,1,fade8,0.07678508618846536,0.001241212659085438,0.09516261634416878,0.028655782723715446,0.10612322320230305,0.03940129101377081,0.10280265496112406,0.011417516143279368,0.1159200940746814,0.013420934134439842
078_955__hard_cut,FaceSwap,1,hard_cut,0.09128482026668887,0.0011833497888893993,0.10967045277357101,0.028382460626189487,0.10961717863877614,0.03970570615255984,0.10406065732240677,0.011015870802743771,0.10891869167486827,0.013313514235729382
102_114__control,FaceSwap,1,control,0.004421959941585858,0.0046235744533586805,0.040497828895847,0.0303323454444565,0.07313227653503418,0.039408131399965386,0.018523346011837322,0.015208390851157829,0.021751345445712406,0.014078993867230365
102_114__dissolve16,FaceSwap,1,dissolve16,0.017150799685623497,0.007399582939258623,0.04441329202381894,0.029232065708747187,0.055493372841738164,0.0370723541500499,0.03927280590869486,0.01415461678627553,0.03837444802047685,0.013857067937881332
102_114__dissolve32,FaceSwap,1,dissolve32,0.011824411572888494,0.007459958477331133,0.03860926171182655,0.03002568645852393,0.044920940446900204,0.03981535235184363,0.026608448184560984,0.013909285481291256,0.026641951699275523,0.014330498130199895
102_114__dissolve64,FaceSwap,1,dissolve64,0.009198847415973432,0.0076247352048416026,0.030696930523845367,0.031214854680001736,0.038276681618299335,0.03715306803245436,0.02027597083360888,0.014478456355970015,0.02044963119988097,0.01426505713977597
102_114__dissolve8,FaceSwap,1,dissolve8,0.02710701641626656,0.00738243995284712,0.07668987475335598,0.03049772203404893,0.0839071087539196,0.03729262868328406,0.058911573607474566,0.01409124743050753,0.05970660620369017,0.01411616998967958
102_114__fade16,FaceSwap,1,fade16,0.03548669163137674,0.00739708465741025,0.03931214631302282,0.02917763315484796,0.04212070518406108,0.03777003005255484,0.043086256308015436,0.01402841722457082,0.04857826454099268,0.013989198677133299
102_114__fade32,FaceSwap,1,fade32,0.01971309653890785,0.007460372776713693,0.026387786823174646,0.030222307194837893,0.02758174075279385,0.03931086168934902,0.024880360724637285,0.014079590622421312,0.027318976921378635,0.014447605430052197
102_114__fade8,FaceSwap,1,fade8,0.06344993901439011,0.007379375702307165,0.06765608361456543,0.030900899832648737,0.07416259415913373,0.03715577261807682,0.07548433379270136,0.01452118429976205,0.08653075573965907,0.014229356500043257
102_114__hard_cut,FaceSwap,1,hard_cut,0.07438889099285007,0.007329617932801909,0.14494883765776953,0.030200430049987164,0.10900348176558812,0.03795739650031773,0.12990475073456764,0.014199157148773262,0.10680463661750157,0.014220043121032038
114_102__control,FaceSwap,1,control,0.008426547050476074,0.008678361852416548,0.023995764553546906,0.02656698591959805,0.030884291976690292,0.026386873954433506,0.01687077060341835,0.013541335241486303,0.013801365780333677,0.01305039657153568
114_102__dissolve16,FaceSwap,1,dissolve16,0.025669712107628584,0.005369628767157426,0.048366846051067114,0.030508392607992135,0.06360660132486373,0.0374272919929071,0.04365872289054096,0.019015399170067452,0.039533057366497815,0.015108320107050602
114_102__dissolve32,FaceSwap,1,dissolve32,0.01642817843821831,0.005321276287518805,0.04011934221489355,0.029746045203258593,0.0542233680607751,0.038318019269312595,0.031131581708905287,0.020795188794693983,0.028825707267969847,0.01543452618536593
114_102__dissolve64,FaceSwap,1,dissolve64,0.010449312307173386,0.005636168689340014,0.0275774526380701,0.034652665274387054,0.03770892160537187,0.0422821605832062,0.022335415585985174,0.02435722435210747,0.019679668024764396,0.017605674486945975
114_102__dissolve8,FaceSwap,1,dissolve8,0.04397901427000761,0.005696053045113814,0.07444227347150445,0.03012922663359089,0.09552559209987521,0.03674022484201569,0.06871452648192644,0.01871473346690035,0.06286881817504764,0.014983346111032072
114_102__fade16,FaceSwap,1,fade16,0.03733671235386282,0.005374920215385342,0.043206748203374445,0.029156263967415372,0.05254536465508863,0.038779906372458324,0.048931720899417996,0.019211133315286698,0.05640014470554888,0.015013974119267129
114_102__fade32,FaceSwap,1,fade32,0.02149362611817196,0.005324294260400615,0.027740550437761892,0.029315229451776236,0.02919406744260942,0.03857705115886598,0.02540938838501461,0.019667215462661636,0.030257672580773942,0.015060570877816143
114_102__fade8,FaceSwap,1,fade8,0.06539372587576509,0.005705326410411093,0.07319301809184253,0.031336679203049826,0.09109219862148166,0.03690350407247876,0.08944902801886201,0.01985979677431772,0.10015120776370168,0.015503710718942923
114_102__hard_cut,FaceSwap,1,hard_cut,0.12342129026850064,0.005760310144978575,0.13708060483137766,0.03200189290978646,0.13719707230726877,0.03786712869512454,0.1227704497675101,0.020921596354544478,0.1119460438688596,0.01578124245565574
128_896__control,FaceSwap,1,control,0.008911312402536472,0.0028986794212083255,0.05654651050766309,0.03698462071449701,0.10615711410840352,0.049155577192461844,0.034604309126734734,0.02316100473941888,0.031111023078362148,0.016991506934450087
128_896__dissolve16,FaceSwap,1,dissolve16,0.019814996514469385,0.0031303197630902628,0.06558883923571557,0.04366585907065174,0.08068051736336201,0.050587238852404855,0.06276067032013088,0.01856779207891414,0.05163657874800265,0.017087955981746172
128_896__dissolve32,FaceSwap,1,dissolve32,0.012043754279147834,0.002847187821525845,0.04658692769589834,0.04307782808425783,0.06575910828541964,0.04947951871730473,0.04130260756937787,0.01673521545726335,0.034676197421504185,0.016312206099773276
128_896__dissolve64,FaceSwap,1,dissolve64,0.007824921151041053,0.001947329170335169,0.044576988177141175,0.04137229279360988,0.05587091634515673,0.041195290332490746,0.029713322743191384,0.014568592571992089,0.026323695041355677,0.015181187489493327
128_896__dissolve8,FaceSwap,1,dissolve8,0.036063957028090954,0.0032831555759945366,0.09907473577186465,0.04265152616845863,0.10942212212830782,0.05247527270300968,0.09970734128728509,0.016587443043570127,0.07916825893335044,0.016721255787824456
128_896__fade16,FaceSwap,1,fade16,0.057372909504920244,0.0031344665085006216,0.039055557863321155,0.04172697608151193,0.058269654924515635,0.04982915648159761,0.056163149303756654,0.0183439291516337,0.05785281507996842,0.016714110640465345
128_896__fade32,FaceSwap,1,fade32,0.031735730153741315,0.0028426541265062773,0.027849872509250417,0.04239948584173603,0.03931105581432348,0.04700273285009738,0.031822064047446474,0.015495164265010464,0.03199490137922112,0.01582154520819413
128_896__fade8,FaceSwap,1,fade8,0.10203169286251068,0.0032703499983564054,0.06904984591528773,0.04227028693164791,0.09650387079454958,0.05044720729661954,0.10222525103017688,0.01728900725038739,0.10325961606577039,0.016871065803308476
128_896__hard_cut,FaceSwap,1,hard_cut,0.10524111733927081,0.0032635455424759254,0.16155018160740534,0.041205367002383635,0.15132670352856317,0.05138269173754853,0.18111347407102585,0.01748571325669665,0.14113258570432663,0.016514730331945723
000_003__control,NeuralTextures,1,control,0.0013678240550992389,0.0033547311608869016,0.05721444822847843,0.030536930054086812,0.02141701678435008,0.03169360121128039,0.010808239225298166,0.019881610133116907,0.012125875800848007,0.014555542800828056
000_003__dissolve16,NeuralTextures,1,dissolve16,0.0214212816208601,0.0022688467915676245,0.04686672892421484,0.04141684822567292,0.0577463349327445,0.038985445670494175,0.043002922961022705,0.019128946023450676,0.03849887498654425,0.01632347816456724
000_003__dissolve32,NeuralTextures,1,dissolve32,0.011648076528217643,0.0021071491947654507,0.03715868582366966,0.04347767291092795,0.0446370895660948,0.04023787143757974,0.028741020243614912,0.02019726005971603,0.02654512325534597,0.01698059166364115
000_003__dissolve64,NeuralTextures,1,dissolve64,0.006538843619637191,0.0023951156678694214,0.03570685678641894,0.04407524676485495,0.037928332669252995,0.03680019647052342,0.02277950390271144,0.021466279351575808,0.021376188058638945,0.017019920838488772
000_003__dissolve8,NeuralTextures,1,dissolve8,0.03766478877514601,0.0022897715171639648,0.07873357320204377,0.03860750569282089,0.09505039919167757,0.037071938190172925,0.07385149737820029,0.018807616735061816,0.06437521893531084,0.015627127933643153
000_003__fade16,NeuralTextures,1,fade16,0.050478756544180214,0.0022721430834934334,0.04270178303704597,0.03822533333746409,0.05246225401060656,0.03700494691187028,0.054671187303029,0.01798195089778673,0.05660062999231741,0.015431692705091848
000_003__fade32,NeuralTextures,1,fade32,0.025735924020409584,0.0021095470914713524,0.026290604364476167,0.041225589983079625,0.030808366078417748,0.036237900000836314,0.030272042233264074,0.01902307783007279,0.030670370295410976,0.0159037662616492
000_003__fade8,NeuralTextures,1,fade8,0.0930874957703054,0.0022881140104948064,0.07286654505878687,0.03817473213987525,0.08534131245687604,0.037448215323525505,0.09894318599253893,0.018612510677813006,0.10116800642572343,0.01572344300173525
000_003__hard_cut,NeuralTextures,1,hard_cut,0.11447322748911877,0.0024838786176603163,0.1343014786640803,0.03967588995109802,0.16278661787509918,0.03834641290733875,0.187702606121699,0.018756171426009702,0.12940494467814764,0.016053018864575712
003_000__control,NeuralTextures,1,control,0.0009485751894923548,0.0019293682722737854,0.038952929278214775,0.04049130934991053,0.021221812814474106,0.04160240397520237,0.018706632157166798,0.017071934760216685,0.013961323847373327,0.015476024443267893
003_000__dissolve16,NeuralTextures,1,dissolve16,0.014363199239596725,0.002034679380724731,0.070010362775065,0.031498349452554024,0.060685680306050926,0.032509813340633964,0.05706259194994345,0.016588911350852657,0.049558695493033156,0.013610549327619011
003_000__dissolve32,NeuralTextures,1,dissolve32,0.008147797721903771,0.002059195297047624,0.04573143906600308,0.031948487697190595,0.046497476840158924,0.03344613296814777,0.03429197910008952,0.0173728980214988,0.031196276657283306,0.013923806566530946
003_000__dissolve64,NeuralTextures,1,dissolve64,0.004488650447456166,0.002499611851420592,0.03119686555072576,0.03808418220671063,0.031549225612252485,0.040275115198032424,0.023271848971489817,0.020154271511868996,0.02016501663274539,0.016203873613002625
003_000__dissolve8,NeuralTextures,1,dissolve8,0.025865421863272786,0.0021610233055947867,0.0706965597346425,0.032694215705903536,0.06577099487185478,0.03344332605080159,0.0618740557692945,0.017084130178297963,0.0539406401803717,0.014140915603855171
003_000__fade16,NeuralTextures,1,fade16,0.036509463854599744,0.0020380081146620936,0.046537080575944856,0.03235973827360035,0.04884449753444642,0.031948094590775016,0.0515347917098552,0.017555678862336915,0.05623513617319986,0.013935016960954493
003_000__fade32,NeuralTextures,1,fade32,0.019685177350766025,0.0020700843393235287,0.0280191192869097,0.033327708208141314,0.0312991496612085,0.03341337601151103,0.025520845083519816,0.017965740797206246,0.030672542387037538,0.014370294033560431
003_000__fade8,NeuralTextures,1,fade8,0.06551022315397859,0.0021629983985058227,0.09276945539750159,0.03190557192172016,0.09472315874882042,0.03346499625744449,0.10371161671355367,0.01626623046232035,0.10305360541678965,0.013725659593956562
003_000__hard_cut,NeuralTextures,1,hard_cut,0.07810525405996789,0.002222610298165325,0.15490126113096872,0.032044625391204985,0.20530078808466592,0.03199730203999996,0.2098236382007599,0.017294566119405424,0.17865037421385446,0.013961470516209128
012_026__control,NeuralTextures,1,control,0.0015131467759298782,0.002044931367844722,0.02068967092782259,0.02933522026149272,0.023535145291437704,0.02706412573629138,0.011046496840814749,0.016883489825778593,0.011697290154794851,0.013973918451406693
012_026__dissolve16,NeuralTextures,1,dissolve16,0.017339609854388982,0.0022864815845714827,0.05291444680187851,0.02628437605250211,0.05813691334333271,0.021019838578565028,0.056584684760309756,0.014662071542579282,0.05488455417798832,0.012066522163329917
012_026__dissolve32,NeuralTextures,1,dissolve32,0.009937999042449519,0.002233252792362252,0.03415529290214181,0.02767055393892458,0.03854681921075098,0.021022291397729397,0.035898751695640385,0.014250620873109705,0.033784053099225275,0.01217126125608967
012_026__dissolve64,NeuralTextures,1,dissolve64,0.005870216202310985,0.0022337629449215124,0.030643876580143115,0.0252807671288875,0.0321321896626614,0.019908860545944086,0.026126081371330656,0.012582109614529394,0.024168076663045213,0.011370683677325194
012_026__dissolve8,NeuralTextures,1,dissolve8,0.0319341286085546,0.0023249285867194404,0.07485637650825083,0.027057382089362758,0.08648676238954067,0.0215182226981867,0.09120630007237196,0.01523173723772571,0.08541572792455554,0.012421674510413731
012_026__fade16,NeuralTextures,1,fade16,0.04319368221331388,0.0022885080102550822,0.04418140009511262,0.02765678884167658,0.04430920718004927,0.02185889752468691,0.039908288046717644,0.01436463980121737,0.050190199341159314,0.012244583365227123
012_026__fade32,NeuralTextures,1,fade32,0.022882965524331667,0.0022305602785842172,0.023591557750478387,0.028568844193185883,0.02562164112685188,0.022174683404850893,0.02194417365535628,0.014621797986542699,0.02679239201825112,0.012592863797306501
012_026__fade8,NeuralTextures,1,fade8,0.07811060105450451,0.0023316476087144634,0.08016477082856,0.02794613338469922,0.0870728469453752,0.022439260610488353,0.08265908272005618,0.014587802401332705,0.09322218620218337,0.012409701114856042
012_026__hard_cut,NeuralTextures,1,hard_cut,0.09763972824051355,0.002282205142842416,0.1773677815993627,0.026861936335404544,0.2225715567668279,0.021692221960589543,0.2049919217824936,0.015047108600610646,0.18152675529321036,0.012383977945704581
015_919__control,NeuralTextures,1,control,0.010616101634999117,0.010777436188911483,0.028244771373768646,0.026203329477585472,0.04419538999597231,0.02517570282275378,0.021628362437089283,0.012494513159223154,0.015132869904239973,0.01100757634030434
015_919__dissolve16,NeuralTextures,1,dissolve16,0.014561391319148242,0.005586339136075852,0.024544971238356084,0.024796290088047103,0.031211395806167275,0.020055934226194633,0.025816870504058897,0.013181014289374201,0.01738287863554433,0.010790381221173024
015_919__dissolve32,NeuralTextures,1,dissolve32,0.010328104544896632,0.005537886268040433,0.020005053404020146,0.024849777040339405,0.024640670366352424,0.020923667030687303,0.018033682252280414,0.012088619790778592,0.012866427743574604,0.01044180082028796
015_919__dissolve64,NeuralTextures,1,dissolve64,0.00816364461206831,0.005382727986646138,0.02172448582132347,0.025306185468269342,0.02259553175099427,0.021421439983797343,0.015084651055076392,0.012006954806433483,0.011815906800620724,0.01043167925990102
015_919__dissolve8,NeuralTextures,1,dissolve8,0.022919821552932262,0.00560989515538126,0.029938670340925455,0.02399699089771791,0.04151202039793134,0.020121964302987936,0.03938792331609875,0.012699472493500457,0.023501411080360413,0.01048556960351463
015_919__fade16,NeuralTextures,1,fade16,0.03488639841089025,0.005595802343608721,0.045088752696756274,0.02490158235423665,0.05302188126370311,0.019968722766102516,0.04282619422883727,0.012220593022399591,0.055654347757808864,0.010438366360211908
015_919__fade32,NeuralTextures,1,fade32,0.01943891133123543,0.005542515379968153,0.024551557035010774,0.024337933236872243,0.028270917100599036,0.019871705647921938,0.023139810757129453,0.012182822156611872,0.029823207107256167,0.010385114150978196
015_919__fade8,NeuralTextures,1,fade8,0.06080237403512001,0.00561156825803279,0.08054237777832896,0.0232937625600948,0.088055664091371,0.020846367134033022,0.07729574968107045,0.012409486677833237,0.09818446962162852,0.010345771369683716
015_919__hard_cut,NeuralTextures,1,hard_cut,0.060630908041882016,0.0056468608258371,0.08478731786211331,0.02288185496285747,0.09990655382474263,0.02020716217299134,0.09460876882076263,0.012091451154832365,0.06698740646243095,0.010171127527305004
024_073__control,NeuralTextures,1,control,0.0012989298362905781,0.0025752547919213518,0.01826048952837785,0.026123906911934835,0.016448681242763996,0.015782123871573833,0.009745277309169373,0.01331726998343306,0.00833166049172481,0.01098058605961249
024_073__dissolve16,NeuralTextures,1,dissolve16,0.020095420884899795,0.00118240722747818,0.05555020202882588,0.03276405936486802,0.042505171964876354,0.024433266565890857,0.02889348682947457,0.015545491099773535,0.029610621160827577,0.012703904176799997
024_073__dissolve32,NeuralTextures,1,dissolve32,0.010685034591006115,0.0011194174401408553,0.03423369038500823,0.03546204127976136,0.027999809230095707,0.026557182638916647,0.01931926075485535,0.015395634893285132,0.018842366538592614,0.013480982401317263
024_073__dissolve64,NeuralTextures,1,dissolve64,0.005982514274364803,0.0010185005074493925,0.03484961223148275,0.02397866339359263,0.027343635338183958,0.02059126740575514,0.017324911619652994,0.011580420814623887,0.017280629246670287,0.00971033545634286
024_073__dissolve8,NeuralTextures,1,dissolve8,0.033614150481298566,0.0012354671825059093,0.062343594152480364,0.03650186006986612,0.05739070079289377,0.026870518253679882,0.04611762426793575,0.016980010688909003,0.04333822964690626,0.01381355195373364
024_073__fade16,NeuralTextures,1,fade16,0.03424496157094836,0.0011897779708994933,0.054156006313860416,0.03415910856915837,0.046961071027908474,0.025582531435433233,0.040189236227888614,0.016395837812259503,0.05258422449696809,0.013128034420112528
024_073__fade32,NeuralTextures,1,fade32,0.01769588582101278,0.0011376731155236818,0.029630170931341127,0.037319678676732145,0.0250583637971431,0.028216326352337312,0.021401851103291847,0.016839794724933462,0.027957661397522315,0.014242545557047787
024_073__fade8,NeuralTextures,1,fade8,0.061448886059224606,0.0012379697456364393,0.07855732552707195,0.035378459033971604,0.08148933527991176,0.02493198225190779,0.07525324448943138,0.01587342029135372,0.09169115172699094,0.013176583408101185
024_073__hard_cut,NeuralTextures,1,hard_cut,0.09982275355529661,0.0015551906016899935,0.15907852600018182,0.03634289987740438,0.16199450194835663,0.025331206114615423,0.10744329169392586,0.015793155057955595,0.11120854939023654,0.01305408542186527
026_012__control,NeuralTextures,1,control,0.0004622097088334461,0.0008022990714071981,0.030579254031181335,0.04800803304286832,0.029574882859985035,0.039755844960967866,0.01246006212507685,0.020219435126094493,0.011371087903777758,0.016536703735779403
026_012__dissolve16,NeuralTextures,1,dissolve16,0.012635267979931086,0.0008150103727459582,0.04015219758730382,0.033316182264791425,0.040736562630627304,0.030894735122768625,0.028802753891795874,0.014996678102761507,0.02854027511784807,0.012339311523037483
026_012__dissolve32,NeuralTextures,1,dissolve32,0.006843144714366645,0.0008115131849886036,0.03129772696411237,0.033819773295979905,0.0315156016004039,0.03143218082600627,0.02238706020580139,0.015924644367448216,0.02107037689711433,0.012559157901914555
026_012__dissolve64,NeuralTextures,1,dissolve64,0.003890630858222721,0.0006853494443930686,0.031969611351087224,0.03120687571777539,0.02882629584200913,0.02630811325189742,0.019918873484130017,0.013100257462991233,0.017404643149347976,0.010809641725129701
026_012__dissolve8,NeuralTextures,1,dissolve8,0.023414674447849393,0.0008076283425776506,0.05627217539586127,0.031250083550542325,0.05596799682825804,0.030202134245973046,0.04103580489754677,0.015532155055552721,0.04282553680241108,0.012180082395102258
026_012__fade16,NeuralTextures,1,fade16,0.026669213897548616,0.0008193228969653364,0.03893059404799715,0.03333669924290254,0.04461274447385222,0.03154426334127422,0.041408079443499446,0.016112058810003608,0.05015494767576456,0.012694842503089639
026_012__fade32,NeuralTextures,1,fade32,0.01411085668951273,0.0008181416263653971,0.023877891042502597,0.03365163392542551,0.027040641885832883,0.030555944392008,0.02357119602675084,0.014173738975559586,0.027351067925337702,0.011806545474020571
026_012__fade8,NeuralTextures,1,fade8,0.04750638268887997,0.0008144194172665913,0.06985078705474734,0.03111964469955949,0.08055762527510524,0.02940383491836287,0.07576315989717841,0.015252777071132718,0.09194191033020616,0.011936827464163437
026_012__hard_cut,NeuralTextures,1,hard_cut,0.0715031391591765,0.0008025477278752694,0.1873151808977127,0.03158560572823478,0.1841226319471995,0.031312012743062764,0.10591177766521771,0.014778448026074822,0.11491650094588597,0.012292255774748085
029_048__control,NeuralTextures,1,control,0.001167955012836804,0.0006380055235502491,0.01840998201320569,0.01914031642360696,0.011597121600061655,0.016112448712238662,0.01596585630128781,0.011702887329146644,0.0101554524153471,0.009284129149233133
029_048__dissolve16,NeuralTextures,1,dissolve16,0.016918616427574307,0.0021403723772026335,0.05492688954109326,0.021849884199502977,0.03038083016872406,0.015060835523876695,0.04471098294015974,0.013200332012787027,0.03501384344417602,0.009778474164828296
029_048__dissolve32,NeuralTextures,1,dissolve32,0.009606819279724732,0.002291145549161124,0.039506655652076006,0.02449635289684366,0.023284566690563224,0.015527610150540525,0.028518504404928535,0.014173319630174973,0.02358903325512074,0.010557066309319317
029_048__dissolve64,NeuralTextures,1,dissolve64,0.005780798219348071,0.002827606693079526,0.029299147907295264,0.026764053404155098,0.018232344133139122,0.01620867914858867,0.01902526134654181,0.014822164093228904,0.016312810079398332,0.01139621761712161
029_048__dissolve8,NeuralTextures,1,dissolve8,0.029315362684428692,0.002132513538657935,0.08536987332627177,0.023672776873567485,0.04774100100621581,0.014948329240134036,0.07579633267596364,0.013595312651297127,0.05816078232601285,0.010108851080944945
029_048__fade16,NeuralTextures,1,fade16,0.048409342067316175,0.002141454914167695,0.05082578462315723,0.024226226773818287,0.05427334495470859,0.015510699042634479,0.04612859012559056,0.013596397727384295,0.059512062987778336,0.01038801261377566
029_048__fade32,NeuralTextures,1,fade32,0.025741652614669874,0.0023111730073672324,0.028335470125966822,0.02599452430484067,0.029473400179995224,0.01584129269407452,0.024851779176970012,0.014424071109307737,0.03189131790713873,0.010962510114835426
029_048__fade8,NeuralTextures,1,fade8,0.08538432233035564,0.0021293660489342023,0.0930563696892932,0.023582622522135843,0.09608815721003339,0.01477297111246567,0.08488209266215563,0.013530217270526263,0.10591829288750887,0.010122146703898572
029_048__hard_cut,NeuralTextures,1,hard_cut,0.0871421357927223,0.002133686737671901,0.13386661807696024,0.024015594183472756,0.07792813206712405,0.015304220753516687,0.1581352154413859,0.013249190048693474,0.12185242275396983,0.010184153140980309
035_036__control,NeuralTextures,1,control,0.0006971707722793022,0.0006868182912111772,0.021045289002358913,0.017116224723009756,0.0203788864115874,0.020327448592347613,0.012651502154767513,0.01064694896379833,0.012628665504356226,0.007910963523762016
035_036__dissolve16,NeuralTextures,1,dissolve16,0.02132362313568592,0.005784263289578765,0.03291841194732115,0.02374203208618056,0.028275810123886913,0.021487321290956103,0.024779699102509767,0.012875177266835732,0.020740119158290327,0.009807200628802975
035_036__dissolve32,NeuralTextures,1,dissolve32,0.01283121618325822,0.005815622946729177,0.02309139823773876,0.02364424897937222,0.021443170953716617,0.01960018674586097,0.01957355477497913,0.01283548892430169,0.015087757696164772,0.00929477859299159
035_036__dissolve64,NeuralTextures,1,dissolve64,0.008968461508629844,0.005920591128630225,0.022250064175750595,0.023337045365753345,0.021671129939932143,0.017528985428031194,0.016864523175172508,0.01204100261781026,0.012929754269862315,0.008881998989223079
035_036__dissolve8,NeuralTextures,1,dissolve8,0.03833390446379781,0.005705736278344432,0.04566231928765774,0.023317589058261784,0.04766046244185418,0.020081294704698497,0.03690751804970205,0.013350554813236536,0.03070263913832605,0.009608754313441817
035_036__fade16,NeuralTextures,1,fade16,0.0426571253919974,0.005785999844501753,0.04019276122562587,0.023261014853312535,0.03683159127831459,0.019942587828128012,0.04230059019755572,0.014117428692717792,0.04524966047029011,0.009670683213292612
035_036__fade32,NeuralTextures,1,fade32,0.023085048742359504,0.005823935179679452,0.022677861670672428,0.024112356333236006,0.022788422742451075,0.01959036730347608,0.023132615409849677,0.013087500812721321,0.02417642112413887,0.009505187213452983
035_036__fade8,NeuralTextures,1,fade8,0.0766334948129952,0.005703191926832906,0.06728043663315475,0.02280322849873227,0.0633866946445778,0.020426274876127037,0.07543478929437697,0.012952601329448659,0.07997824356425554,0.009421295503695571
035_036__hard_cut,NeuralTextures,1,hard_cut,0.11358688919184108,0.0055701799561975966,0.11538832137982051,0.023595307737843418,0.11100100974241893,0.020414260018743195,0.09242626155416171,0.013172602276041535,0.07418286552031834,0.009587935689970914
036_035__control,NeuralTextures,1,control,0.007214847486466169,0.010207824637892387,0.018991723967095215,0.02509536404336282,0.015264322981238365,0.01829450682271272,0.01720122341066599,0.014876493621791193,0.009272248794635138,0.010175160530923029
036_035__dissolve16,NeuralTextures,1,dissolve16,0.020219923346303403,0.0058908208529917,0.06399361346848309,0.03634943803365442,0.04219585529062897,0.028896459816837486,0.044079922256059945,0.015862049083948785,0.03730463900137693,0.013461392049596291
036_035__dissolve32,NeuralTextures,1,dissolve32,0.012375065096421167,0.005938496569107319,0.04275160626275465,0.03958971185031636,0.030359136348124593,0.03142382133880566,0.026336756272939965,0.015872330531938237,0.023321826593019068,0.014312467244774875
036_035__dissolve64,NeuralTextures,1,dissolve64,0.008709329202247318,0.006203200520989908,0.03411896254692692,0.04205907902108844,0.025334581194329076,0.037090259760787544,0.01918326890154276,0.015018572546118363,0.017847884926595725,0.015051249988292428
036_035__dissolve8,NeuralTextures,1,dissolve8,0.034541004337370396,0.005885249845943674,0.09582201414741576,0.03741300499763105,0.06322988588362932,0.03233649793525671,0.06906498153693974,0.016439316813154397,0.05892224283888936,0.014181238425022981
036_035__fade16,NeuralTextures,1,fade16,0.04892554203979671,0.005888647620240679,0.04113754600984976,0.03675532478158751,0.04354918916942552,0.029793557751634458,0.0467416409519501,0.015195325611484716,0.05544531991472468,0.013473389305183393
036_035__fade32,NeuralTextures,1,fade32,0.026504630164708942,0.005942771935182485,0.026099150214577094,0.03886868989084387,0.02567610847108881,0.032124795865310335,0.02571672406338621,0.015197071890432345,0.030299915495561436,0.014167431004655858
036_035__fade8,NeuralTextures,1,fade8,0.08689370425418019,0.005897564418626496,0.06946101761423051,0.037604857479596535,0.07590901118237525,0.029935176652092655,0.09146009455434978,0.01624464513188614,0.09833998838439584,0.013917798979778413
036_035__hard_cut,NeuralTextures,1,hard_cut,0.10103411048961182,0.0059332401847853565,0.14077953497568765,0.03640010043331501,0.10521348814169566,0.028900558424924137,0.14374872545401254,0.016492536293453205,0.12139171361923218,0.013696418994232634
044_945__control,NeuralTextures,1,control,0.009779828290144602,0.0050789742001482304,0.018462711634735268,0.02659655878245357,0.008140298537909985,0.014050406565637155,0.008037365196893612,0.009292993487364029,0.00618431530892849,0.00879392102242337
044_945__dissolve16,NeuralTextures,1,dissolve16,0.017797363980207592,0.0020797514092195236,0.046809676627162844,0.028472433905388474,0.05525264539755881,0.019679393284746164,0.03944716468686238,0.01164750982606015,0.04598937544506043,0.01023264064875124
044_945__dissolve32,NeuralTextures,1,dissolve32,0.01103438097925391,0.0018065771487429097,0.03461202705511823,0.03038343767656934,0.04251016638590954,0.020258473158792603,0.026026146399090067,0.011813901683272815,0.029406678426312283,0.010691333691179404
044_945__dissolve64,NeuralTextures,1,dissolve64,0.006351146057568258,0.001987134474620689,0.03157633129012538,0.023278169286839494,0.031373813093523495,0.016628871400925248,0.019736788686714135,0.009945373368364844,0.020416110899532214,0.008540359567004172
044_945__dissolve8,NeuralTextures,1,dissolve8,0.03126138518564403,0.002279302181410163,0.07060903147794306,0.02801772562403081,0.07726323255337775,0.019119278401605926,0.06543296715244651,0.010761379450192541,0.07417502021417022,0.00998359964373899
044_945__fade16,NeuralTextures,1,fade16,0.05406673060497269,0.0020863136529636534,0.04891853203298524,0.02806194122388758,0.05733971676090732,0.01992063715972585,0.04952522274106741,0.011117746909821487,0.06006015295861289,0.010132513337630725
044_945__fade32,NeuralTextures,1,fade32,0.029024307121289894,0.0018150259341894724,0.026845304535761956,0.030201905461539374,0.031098163175967433,0.01914336957830612,0.02521488412457984,0.011257518911145457,0.031941579800331965,0.010382467239891746
044_945__fade8,NeuralTextures,1,fade8,0.09746302338317037,0.002295904058694571,0.09275609557516873,0.02820988003804814,0.10663913993630558,0.019686842683088117,0.09745488641783595,0.01115449099604309,0.10933570098131895,0.010240170300250186
044_945__hard_cut,NeuralTextures,1,hard_cut,0.08693600161738384,0.0023940850581512076,0.1825473556915919,0.026627036883070814,0.10976237803697586,0.018943927794911577,0.170087198416392,0.010689137358478887,0.15221569190422693,0.009670368493416235
047_862__control,NeuralTextures,1,control,0.00037465702431897324,0.0006529236250232424,0.026696978447337944,0.023166954954871918,0.02750844570497672,0.02566652564957614,0.01666052546352148,0.014814966662354783,0.013355961069464684,0.01084289480996184
047_862__dissolve16,NeuralTextures,1,dissolve16,0.018104614107869565,0.0027224480260521836,0.028635069844312966,0.017487178263527577,0.035804896615445614,0.02321242980966435,0.04154869489138946,0.012249255349161103,0.03569978673476726,0.009582531108923292
047_862__dissolve32,NeuralTextures,1,dissolve32,0.01038282597437501,0.0027973319288582712,0.02080707933055237,0.01777513759164102,0.0280072776513407,0.022557365975047303,0.02353594831947703,0.012115926226204925,0.0223426834854763,0.009491888356619868
047_862__dissolve64,NeuralTextures,1,dissolve64,0.006798908405471593,0.00246307061342205,0.015546545512734156,0.014462963608854228,0.02233580440588412,0.0195845120188923,0.016562686614634003,0.011089765791654249,0.013890361617086455,0.008146130285670303
047_862__dissolve8,NeuralTextures,1,dissolve8,0.03264206927269697,0.0026940957752952083,0.027037682477384806,0.016428647440972766,0.03635607659816742,0.02193376308030172,0.038451953791081905,0.011732254093953383,0.0428013657219708,0.00901068001041642
047_862__fade16,NeuralTextures,1,fade16,0.046820098417811096,0.0027246786457643555,0.03953000373439863,0.017413827690494516,0.05254279880318791,0.023160755808930844,0.046035950421355665,0.012086723287034898,0.05374309956096113,0.009500162437071039
047_862__fade32,NeuralTextures,1,fade32,0.024737984989769757,0.002799222547221051,0.02359541824027415,0.017852357118614635,0.03013404050180989,0.021281413561021915,0.024783635992207564,0.012109767616828155,0.028814515215344727,0.009510771510921869
047_862__fade8,NeuralTextures,1,fade8,0.08526856498792768,0.0026950952566154344,0.07445840665604919,0.016770914875631385,0.09508370980620384,0.022494139135233127,0.09380378713831306,0.011345595417665905,0.09644060325808823,0.009088518011996203
047_862__hard_cut,NeuralTextures,1,hard_cut,0.09977229969808832,0.002651361123953701,0.14721583326657614,0.016541181904840104,0.17632711430390677,0.02199671381311349,0.2611180990934372,0.01097634076204948,0.17219850917657217,0.00893398400241217
048_029__control,NeuralTextures,1,control,0.0009918080371183653,0.0017001866017689266,0.09981196870406468,0.04816710079380832,0.06631841138005257,0.039625075203761205,0.0279084009428819,0.017191317160337595,0.028823535268505413,0.016773290417188683
048_029__dissolve16,NeuralTextures,1,dissolve16,0.02257277665194124,0.005111235708735196,0.054817851982079446,0.034208463415621046,0.03813835792243481,0.030905410462031956,0.028947809827513993,0.015580317170530992,0.026744520175270736,0.013286052034372121
048_029__dissolve32,NeuralTextures,1,dissolve32,0.013719971146201715,0.005231056059309249,0.038339627702953294,0.03713928458907095,0.03189751040190458,0.03228872509180814,0.01867317433061544,0.016186445033520288,0.01852196059189737,0.014012746057933432
048_029__dissolve64,NeuralTextures,1,dissolve64,0.009406454541021958,0.005343528235839172,0.03727920847086352,0.032010329404676505,0.028900643017550465,0.03132296779446981,0.014519296484650113,0.015224923549050634,0.015474596519197803,0.013142849238250744
048_029__dissolve8,NeuralTextures,1,dissolve8,0.038974526803940535,0.005077782840056865,0.07634639972820878,0.03386554900590364,0.04416174232028425,0.02975894798533068,0.04652234772220254,0.014523103862564574,0.03877650015056133,0.012848510864182367
048_029__fade16,NeuralTextures,1,fade16,0.03696039295755327,0.005108308148778324,0.04395653569372371,0.033380306836723994,0.047644727426813915,0.03107014289397059,0.04004729143343866,0.014564231362474124,0.05801041278755292,0.012913518646297958
048_029__fade32,NeuralTextures,1,fade32,0.019921849278034642,0.005231863684582941,0.028019609657349065,0.03590220116458876,0.028881773570901714,0.031128753265687103,0.022455738129792735,0.015747818707798917,0.03152907713956665,0.013618528990117812
048_029__fade8,NeuralTextures,1,fade8,0.06830527214333415,0.0050806063353209885,0.07905176212079823,0.031208732133014925,0.08524545363616198,0.02962085899586479,0.07699923682957888,0.0140165675568881,0.10524991643615067,0.012312045411064147
048_029__hard_cut,NeuralTextures,1,hard_cut,0.11150645866291597,0.005011461580456313,0.13306760291258493,0.03201679166868108,0.09373988211154938,0.02959135623443556,0.17061099161704382,0.01410053499926955,0.10357412075002988,0.012408659550740178
073_024__control,NeuralTextures,1,control,0.0005657065291112909,0.0010107041615795471,0.04018506966531277,0.01738218739589329,0.036067898074785866,0.024766588895344884,0.006311161171955367,0.007975725039752926,0.00999224620560805,0.007635915521690149
073_024__dissolve16,NeuralTextures,1,dissolve16,0.016333327221218497,0.0006003531868805774,0.0379143503960222,0.019914949009900245,0.049062390928156674,0.027755035268305576,0.026119410118553787,0.008321147558993651,0.027119974547531456,0.008953440545615062
073_024__dissolve32,NeuralTextures,1,dissolve32,0.008664185661473311,0.0006152709672393427,0.02726411886396818,0.02043097703443337,0.034385481412755325,0.028243994516930705,0.017830550656071864,0.008059941217485258,0.01782366326369811,0.009062305355080586
073_024__dissolve64,NeuralTextures,1,dissolve64,0.004667833098210394,0.000680321803718636,0.025847880402579904,0.016695541541081514,0.03273294525570236,0.026822997405278413,0.013285458233440295,0.006948437617922371,0.014572255990060512,0.007723061704415489
073_024__dissolve8,NeuralTextures,1,dissolve8,0.03062975313514471,0.0006001589751355601,0.0685295348521322,0.020542703101176535,0.08577812649309635,0.02863607236586914,0.04212854569777846,0.008521306056839725,0.044910236494615674,0.00911460908838791
073_024__fade16,NeuralTextures,1,fade16,0.04145932785468176,0.0006028733377851257,0.05539841816062108,0.020820880473763185,0.05517599708400667,0.02910320086232884,0.05288285407004878,0.008355880674942242,0.06376943580107763,0.009231374894033719
073_024__fade32,NeuralTextures,1,fade32,0.02192781341727823,0.0006166617372662,0.031212913811032195,0.019419747910558664,0.03277978718688246,0.02801502914831642,0.027832922132802196,0.007608746430012344,0.033702681786962785,0.008694379756377003
073_024__fade8,NeuralTextures,1,fade8,0.07447331794537604,0.0006012550033660404,0.0974922418827191,0.019808574661461485,0.09686776786111295,0.027811168541980756,0.09813807508908212,0.008249021682737244,0.11425406113266945,0.008858776796055404
073_024__hard_cut,NeuralTextures,1,hard_cut,0.09104498420492746,0.0006088986099989674,0.11563215653101604,0.019616643426608356,0.15410044292608896,0.02808637537409441,0.09680621325969696,0.00829207239242397,0.11747320244709651,0.008869994438640078
078_955__control,NeuralTextures,1,control,0.00029122191093241173,0.0007943398276268962,0.012077785097062588,0.023308537997131756,0.02206578819702069,0.033287807588733856,0.004768548533320427,0.009038561369071446,0.005874839223300417,0.010060945867118821
078_955__dissolve16,NeuralTextures,1,dissolve16,0.016223251295741647,0.0011502282026571954,0.04145194496959448,0.023813548513679107,0.05155850283335894,0.03319170692646243,0.027217206719797105,0.009648979953444988,0.02816884935600683,0.009873788690791257
078_955__dissolve32,NeuralTextures,1,dissolve32,0.0092104232753627,0.0010628531052698862,0.028500509826699272,0.02311233464762603,0.037327511119656265,0.03361622251077801,0.01879867463139817,0.009139052914701745,0.018727762188063934,0.009480039594459465
078_955__dissolve64,NeuralTextures,1,dissolve64,0.004851735069678398,0.001355745213169774,0.025573416773113422,0.02206452636005865,0.03244970147352433,0.031898088126697324,0.013441191360470839,0.00931546354602853,0.01457127833418781,0.009132521049204197
078_955__dissolve8,NeuralTextures,1,dissolve8,0.030330706387758255,0.0012458957129195835,0.07264913571998477,0.022692737709688913,0.08592464867979288,0.031964133199942006,0.04328577988781035,0.00989005366038229,0.046897146152332425,0.009692055328438679
078_955__fade16,NeuralTextures,1,fade16,0.0422794371843338,0.0011512420860173415,0.05581369766150601,0.023160102466082886,0.058464662404730916,0.03250724628784703,0.05390428641112521,0.009495928205405046,0.06478482176316902,0.009628561312938561
078_955__fade32,NeuralTextures,1,fade32,0.02246156417822931,0.001061272360156986,0.030860483631840907,0.023286715725265528,0.03511998092290014,0.03296517596269647,0.029040899171377532,0.009923866778697776,0.03475177720247302,0.00969730123299463
078_955__fade8,NeuralTextures,1,fade8,0.07737171184271574,0.0012483668188734383,0.09989180380944163,0.022812211162385507,0.09870779351331294,0.03175470708693202,0.10030026640743017,0.009207798316990872,0.11703252186998725,0.009450580762187438
078_955__hard_cut,NeuralTextures,1,hard_cut,0.09170322568388656,0.0011848694684577837,0.11980364720026652,0.021866165060400507,0.14483738193909326,0.030628724955022335,0.09605446706215541,0.009033841517027782,0.11701645453770955,0.009181203400534656
102_114__control,NeuralTextures,1,control,0.0044832255225628614,0.004723806549810757,0.03406515531241894,0.023696665815866977,0.03267879535754522,0.022313217989611046,0.017056977997223537,0.013674275428688123,0.015793660034735996,0.011428152358996035
102_114__dissolve16,NeuralTextures,1,dissolve16,0.01724857557564974,0.007396724120288798,0.04654865129850805,0.023537393840192593,0.05568888213019818,0.022867296605361898,0.03702150017488748,0.012849250609434924,0.03555308486102149,0.010906189571595887
102_114__dissolve32,NeuralTextures,1,dissolve32,0.011901623773155734,0.007444723469108857,0.03266062730108388,0.02561518244830699,0.04062867772881873,0.023060175916715258,0.02453361960942857,0.012910428293713036,0.02361659344751388,0.011405086134100097
102_114__dissolve64,NeuralTextures,1,dissolve64,0.009261893545044586,0.0075799715239554645,0.02717803296400234,0.022922948900271547,0.030163812451064587,0.02199147513601929,0.018987418690812774,0.012133255469697443,0.01769447733386187,0.010585235050794754
102_114__dissolve8,NeuralTextures,1,dissolve8,0.027374490862712264,0.007364088178587121,0.07466751313768327,0.024600775812244933,0.07419447647407651,0.023649679496884346,0.052517165429890156,0.013718353550847585,0.05475834268145263,0.011297878654052814
102_114__fade16,NeuralTextures,1,fade16,0.03559188905637711,0.007390630689169307,0.03880236769327894,0.023049675434538463,0.04031441078404896,0.022379247839020077,0.04233619722072035,0.012886603150372078,0.0483406774001196,0.010830367612426431
102_114__fade32,NeuralTextures,1,fade32,0.01976738017401658,0.00743755931569927,0.022254680583794272,0.025185651649003743,0.02530665770773926,0.023086305986019386,0.02416594464739319,0.013160841113984072,0.026485762864467688,0.011358971504130583
102_114__fade8,NeuralTextures,1,fade8,0.06356541905552149,0.007362584520534084,0.07049993705004454,0.024574217176786414,0.0749329294776544,0.024267995608383202,0.07456135260872543,0.013298634284486374,0.08602858753874898,0.011375032466005635
102_114__hard_cut,NeuralTextures,1,hard_cut,0.07530156864474218,0.00731827125695171,0.15432459115982056,0.02464106156770929,0.12290423860152562,0.024009099265686788,0.12036970133582751,0.013628544913352294,0.10571698844432831,0.011317915851408141
114_102__control,NeuralTextures,1,control,0.00848771290232738,0.008769508001347215,0.01899034871409337,0.022514090870834603,0.02699708255628745,0.02283525247900289,0.010308889982601007,0.012854849706577548,0.009559089162697395,0.00999594497458883
114_102__dissolve16,NeuralTextures,1,dissolve16,0.025616517290472984,0.005425757410070289,0.05686476390110329,0.03145727146760497,0.055253478582017124,0.030870009821758252,0.04379471356514841,0.01755405912284278,0.04242490936303511,0.014036492243391072
114_102__dissolve32,NeuralTextures,1,dissolve32,0.01640378584852442,0.005377551330315034,0.045928360894322395,0.03230532632816861,0.043855139025254175,0.0319810063048298,0.030646523504401557,0.01800985361955225,0.02870324616378639,0.01477484254905119
114_102__dissolve64,NeuralTextures,1,dissolve64,0.010449447661812883,0.005690468972633508,0.03250746136836824,0.03574289946012538,0.03666612092638388,0.03308237052776597,0.022607119048188906,0.020674241431565446,0.020842207421083003,0.016441537033427846
114_102__dissolve8,NeuralTextures,1,dissolve8,0.0440135239623487,0.005742140152325921,0.09098379453644156,0.03391975337673012,0.08689776668325067,0.0327631102629459,0.06970082083716989,0.0182585945396961,0.0697696169372648,0.014654100265328747
114_102__fade16,NeuralTextures,1,fade16,0.037313668290153146,0.0054342623989920595,0.04634904069826007,0.0318450197437326,0.05010131315793842,0.03168604179800859,0.048389225848950446,0.016923467001371376,0.056627278157975525,0.014062567085063862
114_102__fade32,NeuralTextures,1,fade32,0.02149479734362103,0.005388762248243773,0.035264789156856075,0.03134500704727125,0.032843892732935566,0.031045583794000506,0.026840502003324218,0.017719056644616114,0.03153117584588472,0.014260473103134027
114_102__fade8,NeuralTextures,1,fade8,0.0652368706651032,0.005759495025477582,0.08237751852720976,0.034013622047627125,0.09399885195307434,0.03130711476331124,0.0921137579716742,0.017765696545399993,0.10255283978767693,0.014415950793353421
114_102__hard_cut,NeuralTextures,1,hard_cut,0.12328923788542549,0.005803962612536468,0.21253779033819833,0.03408538451284107,0.179572323958079,0.03291883763375739,0.12189730753501256,0.017950740990118456,0.12328800310691197,0.014558268531415043
128_896__control,NeuralTextures,1,control,0.008798128304382166,0.0028979244005128395,0.06326040873924892,0.04149425549208684,0.05909699139495691,0.04359862625722722,0.023125742251674335,0.02112144989087799,0.0249500572681427,0.017943993451022464
128_896__dissolve16,NeuralTextures,1,dissolve16,0.019989248015917838,0.0031224914334230668,0.06941727246157825,0.0362247270116587,0.07072049123235047,0.03862103373216334,0.06284779938869178,0.018216674261301465,0.05386185762472451,0.015584433242764541
128_896__dissolve32,NeuralTextures,1,dissolve32,0.012158919969806448,0.00284456194882902,0.05154832094558515,0.03672584250399404,0.05190148117253557,0.037621259023455485,0.041406701056985185,0.018349569347076888,0.03585696636582725,0.0153924644859133
128_896__dissolve64,NeuralTextures,1,dissolve64,0.007821254916052567,0.0019382134228098122,0.04087119592441013,0.03259087525392798,0.04092997657426167,0.031786524115225555,0.030562636653485242,0.017222949612716382,0.026120383510715328,0.013800756678789515
128_896__dissolve8,NeuralTextures,1,dissolve8,0.036078240256756544,0.003271463759996517,0.10168453212827444,0.03438906451642119,0.1086329163517803,0.03683815402781637,0.10623141983523965,0.017854328093177697,0.08586378442123532,0.01494502130767901
128_896__fade16,NeuralTextures,1,fade16,0.05746485118288547,0.003127290282649377,0.04775160097051412,0.036641615641007236,0.05433385370997712,0.03902379928416125,0.056170798547100276,0.02025258041312466,0.058927837933879346,0.016070443747488294
128_896__fade32,NeuralTextures,1,fade32,0.03178963984828442,0.002840277601044154,0.02853786849206494,0.03480667094385583,0.029073467898753383,0.0356471136956002,0.03144148987485096,0.01837670641092198,0.0317556751833763,0.014807720951623572
128_896__fade8,NeuralTextures,1,fade8,0.10239960858598351,0.0032686107985461384,0.0840799082070589,0.03433223800898345,0.09616767871193588,0.03596873050762722,0.10587341547943652,0.01857100879807059,0.10505996947176754,0.01510469834813177
128_896__hard_cut,NeuralTextures,1,hard_cut,0.10504644038155675,0.0032612753968382,0.1487247720360756,0.03536610900334643,0.14510707557201385,0.03589374887778215,0.20021193474531174,0.018564967320190143,0.15056483199199042,0.015264473324227226
000__control,original,0,control,0.001383443547335143,0.003344148477357891,0.06295659144719441,0.033150643012604786,0.04417704728742441,0.033768376814974944,0.024197876453399658,0.020794739575772467,0.021603725850582123,0.014880334492772818
000__dissolve16,original,0,dissolve16,0.021371010458096862,0.0022529143177750476,0.05806039267918095,0.047260539542919804,0.06463553494540974,0.04628042644793982,0.04435814305907115,0.020253754177953578,0.04134475841419771,0.01823707689978725
000__dissolve32,original,0,dissolve32,0.011713758605765179,0.0020918460829108527,0.04111000630655326,0.05019650158295729,0.04825738607905805,0.047510529458843945,0.03084836175548844,0.022990567818412494,0.02848197115235962,0.019275126491683996
000__dissolve64,original,0,dissolve64,0.006531161787279416,0.0023665488253093577,0.037799849902512506,0.053245953741398726,0.03947820669418434,0.04873194582760334,0.025397793549927883,0.023914958993819627,0.023381306142255198,0.019871372009881517
000__dissolve8,original,0,dissolve8,0.037717657163739204,0.0022754603435772027,0.08261053962633014,0.04570601530910919,0.10621117893606424,0.04536139094774183,0.07028726232238114,0.020476806793479366,0.06527094170451164,0.017837717514569022
000__fade16,original,0,fade16,0.0504201432922855,0.002254583156278845,0.04373136113281362,0.04617995054696153,0.05319617921486497,0.04592950508965957,0.05534538102801889,0.020278854582693826,0.05728937732055783,0.018018616263944548
000__fade32,original,0,fade32,0.02566448727156967,0.0020922575548730105,0.028350283770123497,0.04602550217632911,0.035932839338784106,0.042720380350251566,0.02992263581836596,0.020867731882494755,0.03134294973278884,0.017776687416761857
000__fade8,original,0,fade8,0.09296515677124262,0.0022765448199467617,0.07554775406606495,0.043910411502430496,0.08677289681509137,0.04464451129850302,0.09989635040983558,0.02016506923744371,0.10198068036697805,0.017338410861001494
000__hard_cut,original,0,hard_cut,0.11439402890391648,0.0024693817219902147,0.13541004061698914,0.04173919929080974,0.17996826767921448,0.04285056502518828,0.18202879279851913,0.019311365827334004,0.12871229896942774,0.016837035743835365
003__control,original,0,control,0.0009620016401944061,0.0019395361492662863,0.017945729040851194,0.04591945960320595,0.025736600471039612,0.050782932442123604,0.010301512200385332,0.01977019607665617,0.008566176363577446,0.017898539823116892
003__dissolve16,original,0,dissolve16,0.020779186626896262,0.002820253268209765,0.05731046065920964,0.041918791405567264,0.066796341445297,0.04509196237850826,0.04757264972431585,0.02348288928511218,0.04298505053156987,0.017590661754705084
003__dissolve32,original,0,dissolve32,0.011464108974905685,0.003058649945452852,0.043060098454589024,0.04108093108917619,0.053178040572674945,0.042645018499601506,0.034098819363862276,0.021923647117640437,0.030145866912789643,0.016628112392392994
003__dissolve64,original,0,dissolve64,0.006457208517531399,0.00319044198311696,0.039352880980004556,0.04156809240071611,0.04404889256693423,0.04321326031772928,0.027018193635740317,0.024057560566474092,0.024099458314594813,0.01720786310563033
003__dissolve8,original,0,dissolve8,0.038605318404734135,0.0028451234422129084,0.08940365584567189,0.03979110299936823,0.09796334756538272,0.04365143931663788,0.07570166327059269,0.021748034820497572,0.06668043695390224,0.0167474817077688
003__fade16,original,0,fade16,0.048183063976466656,0.002823795663256162,0.044858548149932176,0.04055748772310111,0.05038929748116061,0.044950640371557576,0.05458424112293869,0.02214851605172441,0.05708124226657674,0.016976099479400996
003__fade32,original,0,fade32,0.026098925562109798,0.003052626705685652,0.029651081185875228,0.03943705277239112,0.033865642559248954,0.0411190554585265,0.031554805842461064,0.021521345953103798,0.03172387205995619,0.016258030519660176
003__fade8,original,0,fade8,0.08557727187871933,0.0028286798393588747,0.07594968692865223,0.040209080327537144,0.08732689800672233,0.04464052721589535,0.0983706172555685,0.023035527513203053,0.10211866232566535,0.017269820027338626
003__hard_cut,original,0,hard_cut,0.11500897033450504,0.002782736261675166,0.1219517191251119,0.039820148388586815,0.1786336898803711,0.04364004346021151,0.18587028483549753,0.02161727507077789,0.133058692018191,0.016909461865059525
012__control,original,0,control,0.00148751400411129,0.002032318679809223,0.018020718668897946,0.03070505468324774,0.02943934127688408,0.036613508648538996,0.013950541305045286,0.01838775202868727,0.013126616676648458,0.01622173278118973
012__dissolve16,original,0,dissolve16,0.017334786360152066,0.0022496126577466074,0.05509451625403017,0.03071641121330915,0.05964061594568193,0.033093699118466054,0.05824023170862347,0.017149791849361173,0.05549836449790746,0.014905124534265075
012__dissolve32,original,0,dissolve32,0.009911404631566256,0.0021928542497000477,0.03582072278368287,0.03274860803102111,0.044148649962153286,0.033543471792905497,0.036550645891111344,0.01822138414985832,0.03553938333061524,0.015461810623648865
012__dissolve64,original,0,dissolve64,0.005884621092263842,0.0022044063461097805,0.03177506975043798,0.0299860226159746,0.03772617842332693,0.030229490332898092,0.026950639316055458,0.01575264904478734,0.025029567223100457,0.014235847629606724
012__dissolve8,original,0,dissolve8,0.03191929263994098,0.002286243031162198,0.07720674481242895,0.031010461190866458,0.09089139779098332,0.03364506853022822,0.09146187035366893,0.01780999261416025,0.0867569730617106,0.01508261165623595
012__fade16,original,0,fade16,0.04308461619075388,0.002253562150391958,0.04525964119238779,0.030221371750971213,0.047164487768895924,0.033418318075896465,0.04120283981319517,0.01742277175043393,0.05070673761656508,0.014855909118320323
012__fade32,original,0,fade32,0.022859626813442446,0.002203282334804321,0.025298250584455673,0.03137955282033346,0.027829443374949116,0.03360543478194667,0.02296872944862116,0.017139083390049208,0.027423256920883432,0.015023999684222642
012__fade8,original,0,fade8,0.077857875963673,0.0022930134363631878,0.08072375180199742,0.031536359230878656,0.0907227483112365,0.03456674732670591,0.08624805859290063,0.017371360392955778,0.09471717686392367,0.015155760143455621
012__hard_cut,original,0,hard_cut,0.09778642699044819,0.002253002470844599,0.18098541845877966,0.03173943269421678,0.21447108189264932,0.03346205327533564,0.20680570105711618,0.017665055394961923,0.18115673710902533,0.015111256363186039
015__control,original,0,control,0.010599749473234018,0.010829608879541442,0.03343582277496656,0.02994777006491766,0.04305170724789301,0.036833559407584246,0.016038749056557815,0.015072233919685676,0.015527979160348574,0.013281222943895324
015__dissolve16,original,0,dissolve16,0.016163373365998268,0.005700249678694905,0.020191159438003193,0.03314842462106789,0.05858341444815908,0.03611718927446789,0.05466132296714932,0.018902624653227337,0.05249356431886554,0.016301159251897224
015__dissolve32,original,0,dissolve32,0.011202123991097324,0.005709013433982457,0.01646167359797767,0.0350184580097082,0.03689056358717639,0.03829419571670822,0.03291411942336708,0.019736825076370746,0.030994793603895232,0.0172380441077182
015__dissolve64,original,0,dissolve64,0.00858448856160976,0.00568977999183434,0.028963872705096916,0.0327354782091623,0.03913060395467666,0.03674687279218977,0.02473782081506215,0.019661805643276735,0.024137199332471937,0.016257873533124273
015__dissolve8,original,0,dissolve8,0.025421162834390998,0.005717497840754453,0.02775145632525285,0.031439670398286,0.05943723320960999,0.03616914260494816,0.09194665239192545,0.017624683192561944,0.09285692078992724,0.0156183955112791
015__fade16,original,0,fade16,0.03224292834056541,0.005704796305649634,0.042915488169951874,0.03498073113166259,0.052039200253784654,0.03735157927086812,0.045481368084438145,0.018144092989353083,0.05370212718844414,0.016189316544202564
015__fade32,original,0,fade32,0.01801377726951614,0.005715637610979036,0.024783532476673524,0.035635704220133436,0.03077770018329223,0.03666293185910788,0.025242456496926025,0.019008194066948075,0.028848443682363722,0.016732491210274314
015__fade8,original,0,fade8,0.05661545693874359,0.0057248988373389655,0.08929737408955891,0.0315143197561459,0.09554991259106568,0.03496055834851152,0.08670135959982872,0.01813839763184791,0.09858087869361043,0.015570410771656211
015__hard_cut,original,0,hard_cut,0.06828938509958486,0.005786616141094937,nan,0.03127001668252564,0.21825284014145532,0.03461304366770122,0.27095132569471997,0.016903913427949332,0.19288292527198792,0.015094370924536202
024__control,original,0,control,0.0012299201140801113,0.0025338280163665888,0.01739204830179612,0.027945083453540957,0.019334915404518444,0.021107310105620298,0.009514843734602133,0.014400441564572186,0.008694884677728018,0.01176911640628162
024__dissolve16,original,0,dissolve16,0.01990986440796405,0.0011916039692400728,0.05608238070271909,0.03860876217565852,0.04741042491514236,0.030144187816174575,0.029167164757382125,0.016136209970991154,0.03051416319794953,0.01417474315085819
024__dissolve32,original,0,dissolve32,0.010655146994395182,0.0011260501900554002,0.04501999606145546,0.03657764620977272,0.03748688768246211,0.030397499360186958,0.021926908288151026,0.01516580822791947,0.022868469677632675,0.013521735215206342
024__dissolve64,original,0,dissolve64,0.005961501279671211,0.0010194527138744226,0.04037436400540173,0.02639607645740563,0.03197116343653761,0.028472626784985716,0.01905545908084605,0.012373371117494323,0.01927310232713353,0.010854262782430107
024__dissolve8,original,0,dissolve8,0.03361053694970906,0.0012473434722155903,0.06601382046937943,0.03923875776429971,0.0678749531507492,0.030764300065735977,0.04561247490346432,0.016489032563661132,0.04605348454788327,0.014322177062297726
024__fade16,original,0,fade16,0.033959481632336974,0.0011957113611855482,0.05380748986499384,0.03971876956531507,0.04583253135206178,0.03179667854130051,0.040459872398059815,0.01672944654394122,0.052647207339759916,0.014521760074873862
024__fade32,original,0,fade32,0.01757757263840176,0.0011321323182455253,0.031259412004146725,0.03679897336037723,0.028184567971038632,0.028291898081079125,0.022423424365115352,0.015390079350735265,0.028818351303925738,0.013613458947631819
024__fade8,original,0,fade8,0.061268150806427,0.0012461585333562448,0.07971213106065989,0.03874661942297878,0.08204128150828183,0.03065032376026785,0.07426580833271146,0.01631134983177322,0.09244255418889225,0.01411686456124592
024__hard_cut,original,0,hard_cut,0.09997765275572117,0.0015367282736036233,0.1610304688413938,0.040837596066027756,0.16901694734891257,0.029590319755281938,0.11219345157345136,0.01564399742174073,0.11379848420619965,0.014078885028770163
026__control,original,0,control,0.000508621878301104,0.0008003827227847809,0.02120063453912735,0.055097250141582246,0.03962773767610391,0.04505893483884254,0.009344539139419794,0.019394544890481917,0.010157220376034578,0.01795730501871114
026__dissolve16,original,0,dissolve16,0.012611268262844533,0.000813978951078505,0.044946222740691155,0.038493063176520965,0.047231401957105845,0.03348059375833684,0.0301181401591748,0.014790712104142798,0.029552712861914188,0.013324417282366057
026__dissolve32,original,0,dissolve32,0.006769952742615715,0.0007995472988113761,0.03711485059466213,0.039993578739378643,0.039382929127896205,0.03327821106760329,0.02400355599820614,0.014912666411717134,0.022486522866529413,0.013124561079124781
026__dissolve64,original,0,dissolve64,0.003870573651511222,0.0006815264964560894,0.03974764006852638,0.040390801268883725,0.034141229934903095,0.030490954912436957,0.019682107580592856,0.014208228236318312,0.019303248933283612,0.012531128286553377
026__dissolve8,original,0,dissolve8,0.023486867547035217,0.0008013316844160006,0.056242129066959023,0.03684229102738984,0.0536539270542562,0.03412873837950027,0.04198830365203321,0.014701093840706456,0.042109779780730605,0.013051317504456116
026__fade16,original,0,fade16,0.026543172250967473,0.0008170807493106887,0.04248508356977254,0.03881414579744654,0.04692423768574372,0.032940842583097374,0.04194828582694754,0.0159223454199659,0.05081898299977183,0.01349263522520806
026__fade32,original,0,fade32,0.014130126000964083,0.0008121734170909522,0.026060863165184855,0.0392086628968988,0.030978613925981335,0.032234811229395796,0.02380503721360583,0.01484581093764168,0.028065139820682816,0.012973788586423743
026__fade8,original,0,fade8,0.047516238410025835,0.0008055958008028667,0.0708990900311619,0.03746169902854138,0.08016350213438272,0.03352260781396474,0.07627910352312028,0.014743472944508802,0.09217774285934865,0.013011680071154056
026__hard_cut,original,0,hard_cut,0.07153404077204566,0.0008015392727506647,0.18485988428195319,0.03702214386874526,0.19531165808439255,0.03366406313493903,0.11034020098547141,0.01570645719865274,0.11580514162778854,0.013365225769753047
029__control,original,0,control,0.001145054508621494,0.000630250801882308,0.025009361406167347,0.022927217474562448,0.027401163553198177,0.020254356390007347,0.02177095164855321,0.012477142677121496,0.014751778605083624,0.010302579750591036
029__dissolve16,original,0,dissolve16,0.02113500179257244,0.0027844970877021233,0.05615312361624092,0.022436415395717526,0.05157908279215917,0.02595568142121531,0.04636803700122982,0.0154883786787288,0.04154601728077978,0.012073963229517334
029__dissolve32,original,0,dissolve32,0.01222126885841135,0.0027624546721993796,0.03757896550814621,0.023945027082521553,0.039075370237696916,0.025985570241772067,0.02938762106350623,0.015025426272367096,0.026730612968094647,0.012097017579958185
029__dissolve64,original,0,dissolve64,0.00765448277888936,0.0027314452385656875,0.027027395968616474,0.02619025548496707,0.030890567730239127,0.02550341885282912,0.019703218487848062,0.01785341756503013,0.018431494067044696,0.013562600941143253
029__dissolve8,original,0,dissolve8,0.03750134399160743,0.002795251952258761,0.0867167697288096,0.02316262352811005,0.07591593079268932,0.027155992249865923,0.0790687114931643,0.0154941756580327,0.06925425468944013,0.012221765602720683
029__fade16,original,0,fade16,0.051698093535378575,0.002793240460942418,0.0511871810304001,0.022728846764454202,0.05329481512308121,0.025551447173517233,0.0501013589091599,0.015297037766324085,0.059950015624053776,0.011734547398677006
029__fade32,original,0,fade32,0.027820819843327627,0.0027641129259143196,0.027650503922374017,0.02439314636185059,0.030150144090575558,0.02722979613831374,0.027715344360331073,0.01562788568694016,0.03201742234523408,0.012490094828034013
029__fade8,original,0,fade8,0.09128480264917016,0.002791454897551621,0.09481242229230702,0.023498099289943574,0.09627242502756417,0.027863849535466986,0.09172781417146325,0.01576138085786354,0.10859991610050201,0.012483894250246588
029__hard_cut,original,0,hard_cut,0.11022234995228548,0.0027679227551759096,0.17572916547457376,0.024660829188286375,0.1224696437517802,0.02774598629665719,0.18626410762468973,0.01569235049409129,0.14299234499533972,0.012469565822896784
035__control,original,0,control,0.0006244452864242097,0.0006840284506817964,0.0224787558739384,0.019227641081177013,0.026592106247941654,0.017389747694478038,0.015140961855649948,0.011544739096464937,0.013617051765322685,0.008160708421817585
035__dissolve16,original,0,dissolve16,0.021329944720491767,0.0057923586570626144,0.03196076722815633,0.025081051489817503,0.031610236619599164,0.026325551190558207,0.02620413328986615,0.014353611957489793,0.020718113926704973,0.010753507134775875
035__dissolve32,original,0,dissolve32,0.012864569784142077,0.0058225639951923844,0.023715943709248677,0.025962314700932597,0.027839861548272893,0.026730023732612275,0.01878620083152782,0.014091749837482884,0.01562921486038249,0.010742931369820545
035__dissolve64,original,0,dissolve64,0.008977229299489409,0.0059308686320119625,0.023628100610949332,0.02598535200827014,0.022505132103106007,0.029350523496131327,0.017096694093197584,0.014949302921410312,0.01351712221003254,0.011109975436490706
035__dissolve8,original,0,dissolve8,0.038221337366849184,0.0057133079922300775,0.04764614556916058,0.025954609814410407,0.05513748154044151,0.02750951011963021,0.037397859850898385,0.014165621841334746,0.031063364585861564,0.010953254153456975
035__fade16,original,0,fade16,0.0427028457634151,0.005793705011562001,0.04095439883531071,0.025617125329959377,0.039148801821283996,0.02707199877675044,0.04353177853045054,0.014653101860708331,0.04602100612828508,0.01078522176870588
035__fade32,original,0,fade32,0.023155331116868183,0.005824472155721708,0.02258727244043257,0.024801091982811774,0.0245098800805863,0.025627089135787696,0.024010406850720756,0.014344406749079025,0.024781440384685993,0.01038001731155847
035__fade8,original,0,fade8,0.07643582671880722,0.005713027718672025,0.06653128913603723,0.025561370742129715,0.06642997823655605,0.026633442407982582,0.07647279417142272,0.014400276690008337,0.08093487203586847,0.010832757887279464
035__hard_cut,original,0,hard_cut,0.11365614501604189,0.005571067500938424,0.11994498471419017,0.026047999805857633,0.12100327263275783,0.025961579201729194,0.08587619910637538,0.0143871440915233,0.07359274228413899,0.010746755392559
036__control,original,0,control,0.007208314258605242,0.010219956314096511,0.019232703062395256,0.026894660812597407,0.020261491648852825,0.032391675227021764,0.017648914518455665,0.015755400036943097,0.010357242388029894,0.012189093961427777
036__dissolve16,original,0,dissolve16,0.020263698301278055,0.005842315684099799,0.06754313106648624,0.0433165466303268,0.05247825861442834,0.047009358625605846,0.045681334915570915,0.018365046932832203,0.039251415932085365,0.01770128579177324
036__dissolve32,original,0,dissolve32,0.012392439966788515,0.005903208411523494,0.04403097371687181,0.04800020347097782,0.043555378855671734,0.046118667916576754,0.02797032383386977,0.017969128222140515,0.025448661734117195,0.018082534096835332
036__dissolve64,original,0,dissolve64,0.008724954692297615,0.006181449329861525,0.03584098504506983,0.046825274477966805,0.040265630843350664,0.04311123713850975,0.020666115400672425,0.01568767556243322,0.02031526067003142,0.016827935541302644
036__dissolve8,original,0,dissolve8,0.03457870241254568,0.0058602153754642086,0.10210360400378704,0.04307427527047358,0.07844411209225655,0.04920862223281785,0.07374612055718899,0.01966023916139494,0.06146660400554538,0.017918831937283546
036__fade16,original,0,fade16,0.048958849045448005,0.005859085147323322,0.0430613654316403,0.04165339411362933,0.04737584316171706,0.04552820191980855,0.048704572836868465,0.018387393378290953,0.056087748205754906,0.017052564426388556
036__fade32,original,0,fade32,0.026463555594091304,0.0059048171628844634,0.027796805021353066,0.0452085600245273,0.0340762304404052,0.04470313677628492,0.026606375933624804,0.018210428338711976,0.03118589565565344,0.017646565870114272
036__fade8,original,0,fade8,0.08724222192540765,0.005863462824391218,0.07134781125932932,0.04305823897389141,0.08262257999740541,0.0471797748175156,0.09186836611479521,0.01876583150357243,0.09923842921853065,0.017561375203349435
036__hard_cut,original,0,hard_cut,0.10121552553027868,0.005910928112502068,0.14595000445842743,0.04305622465434974,0.1413650040825208,0.046882648871406536,0.15101889024178186,0.018870920967902608,0.1283263439933459,0.017560978564118052
044__control,original,0,control,0.009191205414632956,0.004976323895034049,0.019660474732518196,0.027356525544684887,0.027209245910247166,0.032600928255814614,0.00917333954324325,0.01042850019205046,0.008664557710289955,0.012018420575660164
044__dissolve16,original,0,dissolve16,0.01981361152138561,0.001917234442374235,0.056208391790278256,0.033921167986847245,0.0342827127315104,0.03530834649590034,0.03067542111966759,0.012673147036287101,0.02903340815100819,0.014207903223419652
044__dissolve32,original,0,dissolve32,0.011812099925009534,0.0016520067133831032,0.03905859810765833,0.03639946975370591,0.02927672950318083,0.036909331326726184,0.020939178677508608,0.013057056819784573,0.020271656336262822,0.014951863641925585
044__dissolve64,original,0,dissolve64,0.00664132674864959,0.001729743577148342,0.03698809974594042,0.030100871368565343,0.03081795573234558,0.034607896759090095,0.016340075293555856,0.011943934358317743,0.017355164389300626,0.01361208689314398
044__dissolve8,original,0,dissolve8,0.035479733254760504,0.002128532329791326,0.08791523519903421,0.03229467049324969,0.03888829401694238,0.03485406756501745,0.04664590279571712,0.012240879925655888,0.04568051430396736,0.01371127051544619
044__fade16,original,0,fade16,0.04780432186089456,0.0019254338269481363,0.05425730661954731,0.03400156228323874,0.06283590293605812,0.035264409635469174,0.045369512285105884,0.012408373416265816,0.06268176261801273,0.014051515835075124
044__fade32,original,0,fade32,0.025403735620784573,0.0016613522502352837,0.03011232529388508,0.03661131103062767,0.03525936436926713,0.03702188825941291,0.024309468601131812,0.01303550905558741,0.03338559739495395,0.014951179489150814
044__fade8,original,0,fade8,0.08750760275870562,0.0021323410927597012,0.09588087839074433,0.032160596896869106,0.10278541618026793,0.034831673796246715,0.07983026443980634,0.012349769407002305,0.11076897569000721,0.013691353301207224
044__hard_cut,original,0,hard_cut,0.10092838966132452,0.002254428729090358,0.15677261352539062,0.03305032891142419,0.08024085188905399,0.03532413520329332,0.09362088640530904,0.012381623741791789,0.09809507181247075,0.013773216715998064
047__control,original,0,control,0.0004323330649640411,0.0006620184829413212,0.027303338671724003,0.02256843691818284,0.03038235567510128,0.028224455188492203,0.017260011285543442,0.015728432311966495,0.013113856626053652,0.011011747304711222
047__dissolve16,original,0,dissolve16,0.02054050366859883,0.002738667865980584,0.08336021844297647,0.029631480180946752,0.05420006136409938,0.03299770847562524,0.04700016346760094,0.014102647419949967,0.04333990847226232,0.012082119066566591
047__dissolve32,original,0,dissolve32,0.011711227562045678,0.0027738113171051674,0.043525111832423136,0.03093979995090236,0.030373091707588173,0.03317274205151132,0.027748943743063137,0.015677150947392395,0.025850086400168948,0.01249995485219794
047__dissolve64,original,0,dissolve64,0.007496560567233246,0.0024483741820652293,0.02918677510751877,0.03310217314945641,0.027514824473655608,0.0346236930990761,0.02045517382066464,0.01784093179157935,0.017418095172615722,0.01358314958580939
047__dissolve8,original,0,dissolve8,0.03812010632827878,0.0027810660498174796,0.14109205128625035,0.032291240920024285,0.06955036916770041,0.033704494933706815,0.08269896265119314,0.01617136256672811,0.06668251077644527,0.013084033517762684
047__fade16,original,0,fade16,0.0575224831700325,0.002738879096284011,0.0511245047673583,0.0305593215883879,0.0576485360506922,0.032361311995134985,0.05715358273300808,0.015499518347849834,0.06301150470972061,0.012304011688260272
047__fade32,original,0,fade32,0.03083844334469177,0.0027889187800485223,0.03199729737975905,0.031226473272846337,0.036046928335582054,0.03413573268602934,0.03258901301887818,0.014713211609960544,0.03621699030120527,0.012473227117001882
047__fade8,original,0,fade8,0.10244935844093561,0.0027747438960448578,0.09709611488506198,0.03124525835068329,0.10650046868249774,0.034117208592392305,0.10932745831087232,0.015705223009881756,0.11109556024894118,0.012943486123805161
047__hard_cut,original,0,hard_cut,0.11508007335942239,0.002678439954190438,0.32373712708552677,0.0307509865604639,0.2679181744654973,0.03326222005840865,0.16701476772626242,0.015837280665252012,0.23853052159150442,0.01270284163134204
048__control,original,0,control,0.0009307229969029626,0.001675906444118374,0.10606583207845688,0.05611491694620226,0.06840892632802327,0.05925961759067693,0.02812152107556661,0.02065729313348499,0.029428703089555103,0.021507968530216713
048__dissolve16,original,0,dissolve16,0.022574734641239047,0.005103057597931113,0.05413987074280158,0.03628726763241343,0.04526214860379696,0.043097327246321634,0.029073490819428116,0.016280070731633352,0.02722380106570199,0.015536356672138265
048__dissolve32,original,0,dissolve32,0.013739704387262464,0.005205254412347172,0.04258674081938807,0.03661803560379635,0.0407137256115675,0.039628568692828645,0.021013587960624136,0.01565847830611399,0.02056113741127774,0.014749773753935406
048__dissolve64,original,0,dissolve64,0.009441129594051745,0.00532015053640035,0.038500815790030174,0.033413456917994404,0.04034062146092765,0.040848747120154176,0.015976830807630904,0.016885901339860124,0.01724132394156186,0.014999143000353467
048__dissolve8,original,0,dissolve8,0.038928024005144835,0.0050824223267678,0.08246251102536917,0.03552575963696146,0.06094809668138623,0.04040445864823571,0.0483839837834239,0.015700534502094663,0.041226412169635296,0.014850051777840063
048__fade16,original,0,fade16,0.03694267012178898,0.005106921298135506,0.04490646661724895,0.034384906355255436,0.05086181143997237,0.04203954365927256,0.04012043046532199,0.015460921995097644,0.0577727563213557,0.014790632654641511
048__fade32,original,0,fade32,0.01989406388020143,0.005210541990912123,0.029441468039294705,0.03521777047968373,0.03388036822434515,0.040343447769028616,0.02307951237889938,0.015908706304349606,0.032264628549455665,0.014856480824728978
048__fade8,original,0,fade8,0.06838737754151225,0.005086414549533311,0.07955624372698367,0.0352337861041379,0.08804759685881436,0.042097117537884296,0.07544993609189987,0.01642534887703421,0.10435371869243681,0.015264662234364328
048__hard_cut,original,0,hard_cut,0.11159135304236163,0.005008373077528678,0.13301440825064978,0.03628183080285977,0.11252013718088467,0.04285241720085111,0.16812163343032202,0.01592146812926315,0.10293162489930789,0.015422637681910862
073__control,original,0,control,0.0005657065291112909,0.0010023245737657061,0.043783621241648994,0.02063583785379937,0.057300551484028496,0.03082805530659428,0.01360983649889628,0.008926846569905184,0.01471257551262776,0.009159726654061005
073__dissolve16,original,0,dissolve16,0.016337495937477797,0.0005966970775879974,0.043947663449216634,0.02368495972528692,0.05562678771093488,0.03311589315027288,0.027961096609942615,0.009633362076236206,0.029059984139166772,0.010506146623599298
073__dissolve32,original,0,dissolve32,0.008644762405310757,0.0006104449765962795,0.029024036455666646,0.024439311587658507,0.04145144950598478,0.0336811680228974,0.01747398891893681,0.009670667145561812,0.01864712116366718,0.010700948828103385
073__dissolve64,original,0,dissolve64,0.004689900277298875,0.0006747736672299322,0.02816552341391798,0.01994315449317748,0.03620529466570588,0.030504866096783767,0.013696737070858944,0.008467896113341505,0.015345120773417875,0.009223130684007298
073__dissolve8,original,0,dissolve8,0.030533622484654188,0.0005943516656983988,0.07435457524843514,0.023876969675797766,0.08349305135197937,0.03471052622305112,0.044401397462934256,0.009646107658727077,0.04695142270065844,0.010578279279650667
073__fade16,original,0,fade16,0.0414407440694049,0.0005983490759938576,0.056061959359794855,0.024176601023250484,0.05783936625812203,0.03341046283564087,0.053934783034492284,0.009750141554231782,0.06411104131257161,0.01066943597346906
073__fade32,original,0,fade32,0.02184840953850653,0.0006118380178927561,0.031834974222874735,0.023961092333373582,0.03766982990407174,0.03291597074411552,0.028524175300844945,0.00925041524821828,0.03448213370575104,0.010445902401035458
073__fade8,original,0,fade8,0.07430922682397068,0.000598917706730054,0.09859230427537113,0.02364523823557606,0.10047294665127993,0.03489683860879358,0.09897065907716751,0.00955405320368103,0.1144730404485017,0.010499634781038505
073__hard_cut,original,0,hard_cut,0.09129792800134358,0.0006031145300258393,0.11966340740521748,0.023009239178510003,0.15482354164123535,0.034230229910463095,0.09766052166620891,0.009311834573193248,0.11847042789061864,0.01018733198663725
078__control,original,0,control,0.0002557850966695696,0.0007939354674540405,0.01410431507974863,0.02803321110116223,0.01763445045799017,0.04582871264636011,0.004974652081727982,0.011806404791275133,0.005903147471447785,0.01261708680816563
078__dissolve16,original,0,dissolve16,0.0199688890716061,0.005092202287502993,0.06859185686334968,0.031006254216213034,0.06355802264685433,0.042029936404591337,0.05552887119119987,0.0175404291310646,0.068238903186284,0.015526538203895381
078__dissolve32,original,0,dissolve32,0.01166961807757616,0.005089725165168926,0.0669976631179452,0.031539699199191966,0.04861855520201581,0.04107124049580474,0.04051532264566049,0.01691505167868802,0.05083696712972596,0.015103016000497958
078__dissolve64,original,0,dissolve64,0.007924983510747552,0.0050471725757233795,0.03552227794000554,0.027412400898438962,0.053481082039070316,0.033809407918967985,0.02571052429266274,0.014670999032783915,0.030978684895671904,0.012697776004841382
078__dissolve8,original,0,dissolve8,0.03519807197153568,0.00507513889576191,0.0726408907212317,0.03236309180627703,0.10482098907232285,0.043254788352495376,0.0667746695689857,0.017513095735790424,0.08946423698216677,0.01602301585513192
078__fade16,original,0,fade16,0.04777305282186717,0.00509377144213802,0.058132240214035846,0.0326192461844823,0.06608530165006717,0.04181447047378543,0.05740058294031769,0.017401452504044162,0.06759494356811047,0.01572638992627052
078__fade32,original,0,fade32,0.026066149643156677,0.005091138305336547,0.0371490093849359,0.03125665211332855,0.04089312778124886,0.040979228688982024,0.03177441513980739,0.017593888282219226,0.038068897963967174,0.015271040624350139
078__fade8,original,0,fade8,0.08439337136223912,0.005073891609680612,0.10558345244498923,0.033082797433258045,0.13658661767840385,0.04388343995890102,0.1102753127925098,0.017577922888318293,0.12028431030921638,0.016233548435995036
078__hard_cut,original,0,hard_cut,0.09914288822134647,0.005061057131215575,0.06537362436453502,0.03393012386651994,nan,0.04318710694373664,0.1903255432844162,0.017662592951437236,0.16395697991053262,0.016323504535386623
102__control,original,0,control,0.0043325156439095736,0.004582247552777625,0.03208323195576668,0.02838776834601126,0.06355886409680049,0.036939403002734406,0.012831701741864284,0.016628384970965148,0.01711048310001691,0.01446411948674753
102__dissolve16,original,0,dissolve16,0.019703799625858665,0.0043438675234691035,0.04652455716859549,0.021827078435131465,0.058270437526516616,0.03310118311591157,0.05161930341273546,0.014912326287848929,0.05025541799841449,0.012471650321334963
102__dissolve32,original,0,dissolve32,0.011990344384685159,0.004255206358950885,0.029937099723611027,0.02195207397997511,0.04200642922660336,0.03377267970949754,0.031492386769969016,0.014680243956979535,0.02980510216730181,0.01247461415672054
102__dissolve64,original,0,dissolve64,0.007979423688084353,0.004083306748758663,0.023978723329491913,0.023073140813820912,0.03220887717907317,0.035972706939686426,0.020431759410712402,0.014312335058242422,0.01958363732410362,0.012748000594067641
102__dissolve8,original,0,dissolve8,0.033903928473591805,0.0044161435027883665,0.05260775238275528,0.021995312548169093,0.07945330115035176,0.032618099878131,0.05099490820430219,0.01443682180120828,0.06181401456706226,0.012328119710431778
102__fade16,original,0,fade16,0.03985843586269766,0.004340736950449284,0.037053787789773196,0.021207558424666963,0.04372384230373427,0.0329352484154741,0.042133037000894547,0.014631846465296972,0.047362591372802854,0.012219379945924886
102__fade32,original,0,fade32,0.021610376599710435,0.004261608554007507,0.021506905250134878,0.021495252562152897,0.028442333088605665,0.03334048758903197,0.02292257916997187,0.014877695836803886,0.026385053075500764,0.012399616262516885
102__fade8,original,0,fade8,0.07124832225963473,0.004416115300914457,0.06479001836851239,0.021565381664340175,0.07573096547275782,0.0320361382233583,0.08521910198032856,0.015113379720804022,0.08309607557021081,0.012397137808252696
102__hard_cut,original,0,hard_cut,0.10046361153945327,0.004448968603401997,0.14558044572671255,0.023095738936424793,0.1955323318640391,0.03246457755005271,0.24374995628992716,0.015139867920108865,0.1859018256266912,0.01295339665572964
114__control,original,0,control,0.008519762195646763,0.008774323815132603,0.022664404474198818,0.022181044588574814,0.033559711650013924,0.024342293435978008,0.019177338108420372,0.01168624417421258,0.013387528869012991,0.009565208695475723
114__dissolve16,original,0,dissolve16,0.02562044363003224,0.005420434068565175,0.056617418536916375,0.03495988104019418,0.06302489212248474,0.03759846595416605,0.04495826835045591,0.019983332468822907,0.044381474901456386,0.015732854864677612
114__dissolve32,original,0,dissolve32,0.016386997827794403,0.005374994543421179,0.048052809928776696,0.034726843034986396,0.04323831923829857,0.03523710146599888,0.031699269238743,0.022010754871492583,0.028869169182144105,0.01595992829259913
114__dissolve64,original,0,dissolve64,0.010471984431205783,0.005675292311405593,0.03668023832869949,0.038776439031723633,0.03703163608952309,0.038684511800635264,0.025945722198230214,0.02314036868681962,0.02214383506361628,0.01750956963144497
114__dissolve8,original,0,dissolve8,0.04408389423042536,0.005741217330953962,0.09896840970031917,0.03662420557914113,0.09096568170934916,0.03637308558671492,0.06206390471197665,0.02042181939877746,0.06615486228838563,0.015795459252937388
114__fade16,original,0,fade16,0.03734789788722992,0.005422985274457707,0.04736267728731036,0.03281841812430976,0.04862942482577637,0.03338724642130772,0.04913714784197509,0.01911977075014345,0.05687081825453788,0.014653652762594064
114__fade32,original,0,fade32,0.02150863636052236,0.005381411653689119,0.03192771220159146,0.03538226101854575,0.027323400782000636,0.03638527498395856,0.027255493216216564,0.02167115923272842,0.030579419872083236,0.015920979910845942
114__fade8,original,0,fade8,0.06524854525923729,0.0057560851281458466,0.0826680320315063,0.03575400621166163,0.08573801023885608,0.034713867486471324,0.09184889681637287,0.02108531610265181,0.10239804955199361,0.015519451588572649
114__hard_cut,original,0,hard_cut,0.1235143329637746,0.005798994412328022,0.2043585628271103,0.03524560530527428,0.1596105396747589,0.03313691385131787,0.12526163458824158,0.020273190271898597,0.12295639018217723,0.01499966456371328
128__control,original,0,control,0.008726545609533787,0.002905452193571965,0.04791615096231302,0.04930745849252177,0.07942219823598862,0.05111600719051933,0.03238378589351972,0.02522673392549978,0.025590228227277596,0.02083035957825891
128__dissolve16,original,0,dissolve16,0.016047825221903622,0.001816338984673228,0.03329956077504903,0.043941473650652235,0.03469305409817025,0.047087398990627055,0.03179963707225397,0.018619393413316785,0.024972872459329665,0.017887359082662653
128__dissolve32,original,0,dissolve32,0.010289259778801352,0.0012908946664538234,0.03955424088053405,0.04354529190174941,0.04512103323941119,0.049499334414200534,0.029176970769185573,0.016362943734716754,0.026302627666154876,0.017795100034717685
128__dissolve64,original,0,dissolve64,0.0068829906776954886,0.0005092707772167738,0.03093313638237305,0.03670709714312,0.032295808210619725,0.04222177227810872,0.02228651347468258,0.016615491796454246,0.018020157542196102,0.015247904183343052
128__dissolve8,original,0,dissolve8,0.0287206438370049,0.0019634403207083443,0.03998998858566795,0.039400754394591786,0.047705152072012424,0.04432746965017236,0.03569338284432888,0.017518043522785947,0.035330690210685134,0.01668454288832239
128__fade16,original,0,fade16,0.04592761764070019,0.00182127835044244,0.04800721115122239,0.040754191048762045,0.056280336750205606,0.042891897611518945,0.053798727225512266,0.016529759479171225,0.05871017515892163,0.01641571339337354
128__fade32,original,0,fade32,0.0249912501021754,0.0012984912127962914,0.032344001074952465,0.04234997997188877,0.03448416406829511,0.04643656769178636,0.03049998188362224,0.018862594790146524,0.0326035404286813,0.017926257553285564
128__fade8,original,0,fade8,0.08304059156216681,0.0019665061981786413,0.08415910096040793,0.040057384735314165,0.10183300194330513,0.046087614325638696,0.10613433155231178,0.01756848443849096,0.10558933089487255,0.0169949375757914
128__hard_cut,original,0,hard_cut,0.0813740596252804,0.001985919222549409,0.17629595597585043,0.04056943164878402,0.1741694857676824,0.04348332575380297,0.20170060048500696,0.01746615338616736,0.15994045635064444,0.01668324864516824
135__control,original,0,control,0.01012679593016704,0.0011309309190699547,0.10259207338094711,0.07485639831145942,0.07425961022575696,0.06470981619115602,0.03635133616626263,0.03497594266624774,0.03148415001730124,0.028433610116905074
135__dissolve16,original,0,dissolve16,0.017926110420376062,0.0009316549299045203,0.057265558963020644,0.04414010027568172,0.062320883851498365,0.043011254762091396,0.049095262540504336,0.0211915786816621,0.051011022413149476,0.01800982030651089
135__dissolve32,original,0,dissolve32,0.0102381453034468,0.0009008166196236879,0.05499856419919524,0.04372697767277045,0.04978945170296356,0.0398196484251269,0.037534456874709576,0.020485645350090217,0.03735690860776231,0.01708487793267972
135__dissolve64,original,0,dissolve64,0.006091513168939855,0.0009585783012549986,0.05030097578128334,0.04354879831556569,0.04001899779541418,0.04398326957598329,0.02863803374202689,0.021742814042690125,0.026351716020144522,0.018246634778651325
135__dissolve8,original,0,dissolve8,0.02886130497790873,0.0010136237120473976,0.0733825069453035,0.04674212402571832,0.08451798744499683,0.04235352578715564,0.06755323894321918,0.021913759068476858,0.07564746122807264,0.01843425660469645
135__fade16,original,0,fade16,0.022650010883808136,0.0009356538555471823,0.05962980749706427,0.04461028807100306,0.07795158767839894,0.04192968921790135,0.058991995407268405,0.021017965510288634,0.0758394884178415,0.01777603205302459
135__fade32,original,0,fade32,0.011319551020278595,0.0008997431030930502,0.04199948179302737,0.04298404863254092,0.048351649381220344,0.03999855386457224,0.03400852261984255,0.02021311637517279,0.042389121517771855,0.016865269200683666
135__fade8,original,0,fade8,0.044165408005937934,0.001019275915045459,0.11791452446154185,0.04645442316174373,0.14994424558244646,0.04212393209984241,0.11334904376417398,0.021427061133976053,0.1427119174040854,0.01826523987970709
135__hard_cut,original,0,hard_cut,0.0791717617539689,0.001292313779832527,0.20802750438451767,0.047127659049800645,0.16067339231570563,0.04310800503718398,0.23107669750849405,0.022351580936366976,0.3117942114671071,0.0188286068071848
138__control,original,0,control,0.0007646660669706762,0.0006526442190634197,0.05549124007423719,0.057600360256124,0.041175469756126404,0.047534338119676556,0.023919490166008472,0.025219766764459594,0.017509537438551586,0.018469683932519312
138__dissolve16,original,0,dissolve16,0.013212746125645936,0.0031547333742265853,0.08325543242972344,0.04648332035245862,0.08634865586645901,0.051498489770857456,0.05840207834262401,0.021983437018595564,0.057110711466521025,0.01887705173904022
138__dissolve32,original,0,dissolve32,0.008153629270964302,0.0031975360624706267,0.05633061021217145,0.04419342119878308,0.06139463366707787,0.04829997892609273,0.036702734301798046,0.020705872927203602,0.03640536015154794,0.01752948249294155
138__dissolve64,original,0,dissolve64,0.00558980904679629,0.0032440100336151028,0.04771910960334935,0.04874009146273734,0.05057260466128355,0.0522915565493432,0.02614061609347118,0.02247142306613651,0.025192093060468324,0.019336786205795677
138__dissolve8,original,0,dissolve8,0.022607765160501003,0.0031396699190949433,0.10488461097702384,0.04664611314666701,0.12195990793406963,0.05045466683804989,0.0780331704299897,0.022106821873216883,0.08693787036463618,0.018798382696905383
138__fade16,original,0,fade16,0.02069470484275371,0.00315840618961233,0.05071403621695936,0.0436975204050134,0.058164537709672004,0.04850364651856492,0.047192353405989707,0.021367984511934727,0.06149983033537865,0.017763157741356533
138__fade32,original,0,fade32,0.011208774070837535,0.0031991394513672024,0.028227016679011285,0.04612178859118929,0.03639461495913565,0.04881098108558819,0.025271416903706267,0.02127705960555923,0.03317702832282521,0.018122396635255594
138__fade8,original,0,fade8,0.03797716926783323,0.0031421445540848886,0.08674416458234191,0.04452282485451449,0.104022734798491,0.048217310016421044,0.08475800324231386,0.021008794787465722,0.11293448228389025,0.01789029609193807
138__hard_cut,original,0,hard_cut,0.0649652043551517,0.0031012781625376793,0.26762410004933673,0.04589783318658454,0.1912448654572169,0.05044716593446368,0.20543879518906275,0.022037292185428915,0.20911725362141928,0.018593995685894357
141__control,original,0,control,0.004087304385999839,0.004597388053514158,0.03849625773727894,0.05499450448837321,0.027125282833973568,0.04525995249781063,0.010345444393654665,0.02040948717207727,0.012408420443534851,0.018815935352596187
141__dissolve16,original,0,dissolve16,0.016052288992796093,0.0038279771123271326,0.06758421403355896,0.04897424589969145,0.06818704567849636,0.04194927186641878,0.056609321502037346,0.0218181338464136,0.0602047776337713,0.019086338457588142
141__dissolve32,original,0,dissolve32,0.009764849630300887,0.003679210345873652,0.05398605825030245,0.04908304499333788,0.050140614591298566,0.04230147899374708,0.03776907752035186,0.021662131000053268,0.039480409846873954,0.019064195587931352
141__dissolve64,original,0,dissolve64,0.007219462117063813,0.0032691464722368188,0.04223740491215722,0.053573625433174045,0.04209046579513048,0.0440878647972237,0.026387606318166945,0.02235925694165582,0.027080288979050238,0.020377572676674886
141__dissolve8,original,0,dissolve8,0.029576037311926484,0.003747758342829944,0.11984533257782459,0.050213212382283295,0.12186882551759481,0.043475711835665745,0.10269507113844156,0.022403196725356685,0.10488422494381666,0.019897444203059684
141__fade16,original,0,fade16,0.076440520118922,0.0038336794625615104,0.051426421327050775,0.0478919547421912,0.0634371527703479,0.04190123116470946,0.05936300370376557,0.021961892536814208,0.06665491417516023,0.018981241817739837
141__fade32,original,0,fade32,0.04121574318560306,0.0036833863444465757,0.03501160529952857,0.05029266148848438,0.035641505292827086,0.043078642434858046,0.031943048583343625,0.02171806850063818,0.03665548771095928,0.01918199753131846
141__fade8,original,0,fade8,0.13467070856131613,0.0037478899789307064,0.11011500167660415,0.04960380322593558,0.11516631860285997,0.04254125593112664,0.11679288139566779,0.022678997380205908,0.12274531368166208,0.019628122637702805
141__hard_cut,original,0,hard_cut,0.08527137261504929,0.0036237764601907457,0.20279429852962494,0.046542046299121356,0.2286489556233088,0.042305908477628384,0.2275255024433136,0.02119577338058754,0.20514718194802603,0.018738720822542652
142__control,original,0,control,0.006314914207905531,0.005544799545748254,0.041919708251953125,0.03903473243294915,0.035953350365161896,0.046558641378720435,0.017080082558095455,0.020889159785267914,0.017543327684203785,0.019749741448815597
142__dissolve16,original,0,dissolve16,0.021214812761172652,0.0046549496078158465,0.06769450346473604,0.04015960975649577,0.07549938757438213,0.0330793964676559,0.0749027697602287,0.022510563947929486,0.05776841763872653,0.01752561925982749
142__dissolve32,original,0,dissolve32,0.012888685945654288,0.0046380461600405735,0.04505152773344889,0.03879125896793116,0.05012247743434273,0.032755656976081515,0.04483686474850401,0.020925124505020935,0.03532272862503305,0.017004259227742922
142__dissolve64,original,0,dissolve64,0.008847477998642717,0.004488304905085401,0.03646730714535806,0.039049566503275526,0.04038004304311471,0.03371069191277704,0.02956518708379008,0.02279756506164135,0.025275865831645206,0.018116288852285254
142__dissolve8,original,0,dissolve8,0.03678418276831508,0.0046338445343379235,0.07922769989818335,0.03729869356706134,0.11384543217718601,0.03158610361431063,0.09063098626211286,0.02112792513274529,0.08477048994973302,0.01656058697483024
142__fade16,original,0,fade16,0.029888085380662233,0.004662389923520025,0.05031134810997173,0.03853619842365095,0.05361849704058841,0.03300128810252379,0.04802901862422004,0.02226529627568224,0.05647754931123927,0.017182167680500057
142__fade32,original,0,fade32,0.01667197298957035,0.004648824316053383,0.029889092390095035,0.03720233089493952,0.031792136149541024,0.030872752691950948,0.025637015714892186,0.021597089789186914,0.030785641371039674,0.016555912517032575
142__fade8,original,0,fade8,0.05234312801621854,0.004645991046820675,0.10227966335202966,0.03920140867079566,0.09126629354432225,0.03061461036915782,0.08757784008048475,0.021688185002956842,0.10205544484779239,0.016743958342468012
142__hard_cut,original,0,hard_cut,0.1031125298080345,0.00463201171497546,0.11612306535243988,0.03798187672065855,0.1355218067765236,0.032250609501438626,0.1586867148677508,0.021493105750562527,0.19725595662991205,0.016759418418741453
154__control,original,0,control,0.0004804020863957703,0.0005486362454159801,0.021792777813971043,0.032814239132044426,0.02170119620859623,0.038720264770406285,0.01207323061923186,0.013307589749505713,0.011065760627388954,0.014653845054839375
154__dissolve16,original,0,dissolve16,0.014680194610264152,0.000547001483054488,0.07236523157916963,0.038816782016899365,0.07647160009946674,0.03179419198038409,0.06369581306353211,0.015649975282004448,0.06560791109222919,0.017641037166258772
154__dissolve32,original,0,dissolve32,0.007722162161371671,0.0005472875451107092,0.053563048073556274,0.04028994539731193,0.04867971903877333,0.031835106486570355,0.03861978091299534,0.016206075868237465,0.039711465971777216,0.01768606714636687
154__dissolve64,original,0,dissolve64,0.004198122602247167,0.0005388647460759702,0.03441730826307321,0.04064330017532815,0.03262550506769912,0.03663085474770262,0.023087881851097336,0.015319554037837819,0.02391473610623507,0.01824709100818092
154__dissolve8,original,0,dissolve8,0.027571975719183683,0.0005386638923638358,0.10252406960353255,0.04120005483462198,0.11428922764025629,0.03332461472751134,0.07752456772141159,0.017067646556366067,0.0960290371440351,0.01850897350625412
154__fade16,original,0,fade16,0.03671524359378964,0.0005518541352323808,0.05840464308857918,0.04027863658367864,0.06344758963678032,0.03279328076038916,0.047872980940155685,0.016355487990455286,0.06449705990962684,0.01796713219593885
154__fade32,original,0,fade32,0.019153866203851067,0.0005579533859292559,0.03659403749043122,0.03990541495538006,0.03732697203034355,0.032379040986566465,0.02568556959158741,0.015181088519025722,0.03646672435570508,0.017399040754648976
154__fade8,original,0,fade8,0.06753686745651066,0.000540003782769598,0.10172273684293032,0.04031731911330811,0.12592665571719408,0.033034587472987674,0.10330721875652671,0.016369585293924082,0.12257568538188934,0.01770095635197117
154__hard_cut,original,0,hard_cut,0.08856064092833549,0.0005345637574634057,0.18672151366869608,0.04156409555323959,0.36217453082402545,0.034539200208123705,0.21321692069371542,0.016344656522575197,0.24286877115567526,0.018364883469954386
158__control,original,0,control,0.0031773715745657682,0.002243195552629482,0.014616838345925013,0.033251876676562674,0.038551301384965576,0.03484433455100693,0.015934292537470657,0.01959805599595341,0.013437539183845123,0.017439591198157266
158__dissolve16,original,0,dissolve16,0.020451203687116504,0.002690816894049295,0.06533497490454465,0.045366837503077705,0.05622401781147346,0.043225654979570975,0.06327420531306416,0.02412381852090865,0.06268502032617107,0.0204279549121495
158__dissolve32,original,0,dissolve32,0.011458084831247106,0.002815562059524758,0.0556975837534992,0.04187162903205414,0.05272249724235265,0.044085768468934916,0.04451425385195762,0.02327317764431281,0.04292333754710853,0.01978419790172885
158__dissolve64,original,0,dissolve64,0.007877318312239368,0.0015637029994236813,0.04191788194839319,0.03726060879428339,0.037467438116436824,0.0457882294092666,0.02995484136772575,0.02393000273203308,0.02781637027510442,0.02028194959698753
158__dissolve8,original,0,dissolve8,0.03766901325434446,0.002626178123325378,0.09725961345247924,0.04492952813499771,0.08774469257332385,0.04499776538897742,0.08316518273204565,0.024090358890962223,0.084295226726681,0.02052120695746428
158__fade16,original,0,fade16,0.039214213262312114,0.002697898867004325,0.04597086471039802,0.04185625870536348,0.05613600474316627,0.04412100321242531,0.04820280952844769,0.023062178634504958,0.05956299614626914,0.019793885646984706
158__fade32,original,0,fade32,0.02094326392398216,0.0028207480904763973,0.033515508496953596,0.04228496661790427,0.03654947907489259,0.04509893545731046,0.02692943759029731,0.02358312181721645,0.03354050251073204,0.020073823727153498
158__fade8,original,0,fade8,0.07077620225027204,0.0026294900854810367,0.08460431871935725,0.04261371662626819,0.09988177474588156,0.04453093606374554,0.09862100146710873,0.023244568784427537,0.10830094269476831,0.01996137556695455
158__hard_cut,original,0,hard_cut,0.11331747569298993,0.0025751293270347515,0.13849341372648874,0.04288667271328573,0.24376557767391205,0.0449722125589595,0.22224533061186472,0.024547992406365602,0.24042478700478873,0.02047899567080125
161__control,original,0,control,0.0016061220861350496,0.0020149170205991528,0.04281283604602019,0.04363970441834496,0.040090372785925865,0.047976256395548075,0.027274153505762417,0.02625429006569656,0.01886226423084736,0.020357987565240997
161__dissolve16,original,0,dissolve16,0.018492155009880662,0.0022701382607990734,0.0667598641011864,0.03764227628187972,0.0636669296072796,0.03910753336052401,0.050046799471601844,0.021865966485969234,0.03899256058502942,0.0175617024505503
161__dissolve32,original,0,dissolve32,0.010120821592863649,0.002368806248487926,0.057386083994060755,0.032106190847618316,0.05280778626911342,0.03714094024643987,0.03615745069691911,0.018512268594851524,0.029865802120184526,0.015416130460678312
161__dissolve64,original,0,dissolve64,0.006095234493841417,0.002382466379441956,0.036138397954346146,0.03774661569940773,0.03919794393732445,0.03978610707616264,0.025133441704383586,0.02169852397743274,0.020470737559662666,0.017619334008883346
161__dissolve8,original,0,dissolve8,0.03407903667539358,0.00224692611149507,0.0972241167910397,0.03879784597403806,0.09503263095393777,0.03897621591717292,0.077062230091542,0.022619423732320936,0.058588291984051466,0.017915450061827706
161__fade16,original,0,fade16,0.05043307016603649,0.002275290568735003,0.04893032892141491,0.03844317927045603,0.05565208874759264,0.04112870756590974,0.04427887889323756,0.02202019499617943,0.0639380028587766,0.017954517465325816
161__fade32,original,0,fade32,0.026696850240114145,0.002375142626319182,0.03707701899111271,0.034480769695692706,0.03989014308899641,0.03751356370383124,0.03045851062051952,0.01957576225201289,0.03755646015633829,0.016064944145826345
161__fade8,original,0,fade8,0.09083726443350315,0.0022425546492019937,0.08252644771710038,0.03536085516470275,0.10011842369567603,0.038913971253252286,0.08079980965703726,0.020528696666588075,0.11514921416528523,0.016642748692853225
161__hard_cut,original,0,hard_cut,0.10223062608080606,0.002225140862781515,0.2124722202618917,0.039633111614868106,0.1421756794055303,0.039435246961795074,0.17403575032949448,0.022112114662654753,0.1275834118326505,0.01796690593005609
169__control,original,0,control,0.0017398464648673932,0.0018106395052153996,0.06033904602130254,0.03588829737381568,0.02814295142889023,0.0282326940362247,0.019792923082907993,0.019255762840364666,0.015237011015415192,0.015185066397137589
169__dissolve16,original,0,dissolve16,0.018473640084266663,0.0012557789305698587,0.048703088774345815,0.025628746102916673,0.04427808366017416,0.02077283638131633,0.02889659657375887,0.01230314009776565,0.028385358164086938,0.009905292772353419
169__dissolve32,original,0,dissolve32,0.009949475177563727,0.0012048857116632849,0.033439252991229296,0.028564486976434617,0.02880399474815931,0.022324547032095042,0.019900612052879296,0.014469523605724647,0.018578763003461063,0.011140794861906519
169__dissolve64,original,0,dissolve64,0.0055715148300805595,0.0011510062486525963,0.0288562727473618,0.02474437230689959,0.024114965337503236,0.022641154029671186,0.016232191359449644,0.011894497163699601,0.014587897134333616,0.010016105111307379
169__dissolve8,original,0,dissolve8,0.03429341362789273,0.0012874522188802665,0.07456044480204582,0.02645772170623647,0.07442117086611688,0.021100916783143065,0.05547555070370436,0.012208564235799451,0.05032994947396219,0.010082718865371201
169__fade16,original,0,fade16,0.044154350529424846,0.0012611265098438733,0.04762301986920647,0.026686877273057037,0.0514399636304006,0.021171260792682924,0.045110643666703254,0.012571760447632557,0.056348444311879575,0.01015548199783667
169__fade32,original,0,fade32,0.023053272598190233,0.0011976112237925395,0.025246177672670456,0.027702391524959742,0.027903491762117483,0.02267386831427475,0.02443727479840163,0.013565823294613082,0.030055858042032924,0.010903191433593246
169__fade8,original,0,fade8,0.08181557431817055,0.001286383366056504,0.08870367833878845,0.025783600079038325,0.09254260500892997,0.021148227972737806,0.08216713694855571,0.012192847265396267,0.10101707559078932,0.009960343461873866
169__hard_cut,original,0,hard_cut,0.10238962802880754,0.0013243929593430702,0.1719151809811592,0.026346453090624538,0.14249774565299353,0.02153641779826149,0.12516904498140016,0.011783269061351794,0.10674414287010829,0.009946055529280013
170__control,original,0,control,0.0011946539161726832,0.002028768629100079,0.024822216170529526,0.048174734574632117,0.054484197249015175,0.045417456327290356,0.01216249323139588,0.02326288182383119,0.013738122147818407,0.01958200472438613
170__dissolve16,original,0,dissolve16,0.03458506893366575,0.007660705661904112,0.06103857548441738,0.05365622531875823,0.03322169242892414,0.044949508579538285,0.031659320229664445,0.021184963978899334,0.023081047867890447,0.018293438764126264
170__dissolve32,original,0,dissolve32,0.02029436861630529,0.0075881405032357605,0.06343040365027264,0.04887561680984565,0.03843590078759007,0.04376176102408048,0.027992203424219042,0.019757758258659948,0.02244211992365308,0.01742313073776748
170__dissolve64,original,0,dissolve64,0.01265104843332665,0.008729376429056917,0.05000632091832813,0.04668819289654493,0.04367480984365102,0.03465105698189952,0.025703009450808167,0.01618763201616027,0.021649947593687102,0.014397303709252313
170__dissolve8,original,0,dissolve8,0.062352622393518686,0.007500345284341591,0.09082375839352608,0.05338339705590729,0.04084768774919212,0.044371794439382384,0.05234592081978917,0.021101966491891996,0.03296920354478061,0.018182072008179652
170__fade16,original,0,fade16,0.07115948456339538,0.007664453214937504,0.06386332289548591,0.05348819665140608,0.0728782000951469,0.04507960161212289,0.06261225929483771,0.020932541961230122,0.07961112222983502,0.018244411755642554
170__fade32,original,0,fade32,0.03879299244727008,0.007595620639274304,0.04869830376992468,0.05048465464349793,0.04547921544872224,0.044777422661668266,0.036461721669184044,0.020561021559968078,0.04439655953319743,0.017957847463716377
170__fade8,original,0,fade8,0.1315250494517386,0.007499181681211937,0.11322263162583113,0.05383293913794799,0.1303770550293848,0.044234829950607846,0.11206392711028457,0.021286505144425073,0.14121914410497993,0.018250734092214622
170__hard_cut,original,0,hard_cut,0.1880282189619417,0.007324687609872268,0.21642706294854483,0.0518903173269483,0.0999481516579787,0.043413635694532327,0.14643212159474692,0.020575973193429537,0.07712176938851674,0.017695421376660213
176__control,original,0,control,0.000776133684363837,0.010427618774529192,0.043327284355958305,0.060571714201784234,0.039643628522753716,0.04465461633231301,0.024688723186651867,0.01832747034002411,0.015604891503850618,0.01704930102499991
176__dissolve16,original,0,dissolve16,0.015580617473460734,0.004557135862465586,0.06980981421656907,0.051552449497710734,0.05736601079115644,0.032259619374334525,0.04198515776079148,0.01694923837316557,0.04376918089110404,0.014068343434754072
176__dissolve32,original,0,dissolve32,0.008936391255701892,0.004861800633999787,0.06560356653062627,0.048431322042798174,0.04347599932225421,0.03222453698044878,0.032130199164384976,0.016942024525340604,0.02902361168526113,0.01366012133979078
176__dissolve64,original,0,dissolve64,0.006452895686379634,0.005935159166851505,0.04546259914059192,0.05333378843285821,0.03842699425877072,0.03147485508498821,0.023637922655325383,0.017511335675689306,0.020941886854416225,0.014363039674406702
176__dissolve8,original,0,dissolve8,0.028659234987571836,0.004330839664436172,0.1223533833399415,0.0524971475405199,0.08809651853516698,0.032705892372440114,0.07013449724763632,0.01638518797384726,0.0756835793145001,0.014052078473960629
176__fade16,original,0,fade16,0.04104623105376959,0.004559662615771867,0.050748758716508746,0.05203928899707146,0.07063636323437095,0.03245120794846884,0.05627619114238769,0.016693880971412636,0.07017511269077659,0.014036136821762305
176__fade32,original,0,fade32,0.02201852828147821,0.004864438758405654,0.04621797379513737,0.04872232867169312,0.0414277856471017,0.032538241524805965,0.02837615489261225,0.016506058597487622,0.03807952381612267,0.013610304301155025
176__fade8,original,0,fade8,0.07376459473744035,0.004328698789945233,0.09724947297945619,0.052342081702574414,0.12169725191779435,0.032631620068338,0.11117973923683167,0.016661600688019314,0.12848096759989858,0.014049724149224055
176__hard_cut,original,0,hard_cut,0.08506426087600023,0.004151270333534477,0.2635745604832967,0.05195225939407187,0.14895170430342355,0.032381997854148935,0.17434038718541464,0.016707489890504187,0.1775856539607048,0.014047496924492515
186__control,original,0,control,0.0009293239757729074,0.0008942643454262861,0.06113020579020182,0.04039253667786212,0.013474678931136927,0.0218084698633717,0.01931998257835706,0.01831850452127598,0.012677468359470367,0.012226042606062809
186__dissolve16,original,0,dissolve16,0.02034274791367352,0.0007975972928638,0.05862517247442156,0.04139638424950462,0.052141351508907974,0.035935464471090334,0.03620228206273168,0.02045651856647099,0.038354660267941654,0.016591499261196376
186__dissolve32,original,0,dissolve32,0.010645768226822838,0.0007768251695476162,0.04813183436635882,0.041494335631315396,0.0399536058830563,0.03622687096311443,0.027410255424911156,0.01970710340972947,0.02716527142911218,0.01644269689575009
186__dissolve64,original,0,dissolve64,0.005748311021307018,0.0006412557994322428,0.0465726297989022,0.035049231595952406,0.03838157997233793,0.03316502602432262,0.024631914959172718,0.018030061496591025,0.02259345912898425,0.014594787841832097
186__dissolve8,original,0,dissolve8,0.03813400352373719,0.0007849616726948502,0.09604341816157103,0.04207008065202752,0.07820969261229038,0.036290202526845505,0.05856489250436425,0.020558550358154216,0.06211749464273453,0.016842672815294685
186__fade16,original,0,fade16,0.033908354584127665,0.0007995668785545966,0.05748803378082812,0.04101385451509681,0.06380529422312975,0.03569582609450716,0.06203999125864357,0.02021793752583196,0.07212806935422122,0.01644718674129074
186__fade32,original,0,fade32,0.017690816617687233,0.0007770614745864784,0.0384791994527463,0.041433615031941186,0.0375543546171919,0.035964596930934095,0.035526115127140656,0.020057871477442913,0.0397746296657715,0.016485755187298716
186__fade8,original,0,fade8,0.06420596269890666,0.000787349850233531,0.09837241843342781,0.04154537834210305,0.11082554142922163,0.03616300434805453,0.1110782534815371,0.020407083364589525,0.1273203487507999,0.016756696752398402
186__hard_cut,original,0,hard_cut,0.11491531520732678,0.0007813182733809946,0.24334914485613504,0.0412765879231363,0.25648605823516846,0.035666203080929056,0.15453728040059408,0.020311144488405878,0.1807737499475479,0.01658112560477802
190__control,original,0,control,0.00022195814623652646,0.00048585898110690387,0.040282572309176125,0.03632455895323369,0.04026308221121629,0.0424548837561476,0.01680811308324337,0.016896415300572575,0.019181568796435993,0.016896893507090664
190__dissolve16,original,0,dissolve16,0.03454032680019736,0.0005328575302044255,0.04393333388725296,0.032317484579799535,0.03285582072567195,0.03252057125339809,0.02583381492877379,0.011358854169301796,0.022536857635714114,0.012815049450756366
190__dissolve32,original,0,dissolve32,0.01790871168486774,0.000550319520614763,0.0359699112304952,0.032110731925644065,0.02784045404405333,0.03246206781644931,0.017842468892922625,0.010793452818835175,0.017632360468269326,0.012378070369997093
190__dissolve64,original,0,dissolve64,0.009183797257719561,0.0005368295715677298,0.02980122082226444,0.032267533996227116,0.025841792376013473,0.034302107193930585,0.013864155724149896,0.011495643777942115,0.014609691097575705,0.013091185917569833
190__dissolve8,original,0,dissolve8,0.06519651785492897,0.0005297021222456048,0.071690154960379,0.0320283026887557,0.042734540067613125,0.03178729382888959,0.042278135661035776,0.011122183482003238,0.03514982108026743,0.0126281817305229
190__fade16,original,0,fade16,0.04982915846630931,0.000533559413438039,0.07496327842818573,0.031472725639687976,0.07784866256406531,0.03203272614718496,0.07743415498407558,0.011292593692399978,0.08878417711821385,0.01262471991680445
190__fade32,original,0,fade32,0.026281307509634644,0.0005540070244400151,0.04385390551760793,0.031422765904116905,0.04398962965933606,0.031688222410050274,0.041548437729943544,0.010707063921566668,0.04791364604170667,0.0121758494890113
190__fade8,original,0,fade8,0.08844449883326888,0.0005306187005837339,0.13241035933606327,0.03168442405798044,0.13841234822757542,0.032190132831306686,0.13775926199741662,0.011052717305803756,0.1571598759619519,0.012587644823675824
190__hard_cut,original,0,hard_cut,0.19550058836466633,0.0005263039248825793,0.14203860114018121,0.03231782721102995,0.10711579024791718,0.032198972281579606,0.09148793046673138,0.011144642109422297,0.0774077686170737,0.012668338518933061
214__control,original,0,control,0.001132414152380079,0.0031733852308006736,0.02282279481490453,0.037082464264516356,0.029197058950861294,0.03296303025730964,0.01688745679954688,0.02149824155652422,0.013146479614078999,0.017873059610946703
214__dissolve16,original,0,dissolve16,0.02414127963129431,0.003217393603600851,0.06166083202697337,0.04666580964960339,0.045471361896488816,0.043599814351747555,0.050124606234021485,0.02876829926051127,0.04793151264311746,0.022804096928860956
214__dissolve32,original,0,dissolve32,0.0131079166312702,0.0033244319305616036,0.04951454227557406,0.04782691979031453,0.04145512657123618,0.04321461209181653,0.03511777854873799,0.029436558046131985,0.03412539104465395,0.023106922170725363
214__dissolve64,original,0,dissolve64,0.0075345220539020374,0.0034534923647615043,0.03897127602249384,0.05328546015715057,0.036154394678305835,0.04541925436563112,0.0276753697253298,0.03216626566242088,0.02574681196711026,0.02461258787661791
214__dissolve8,original,0,dissolve8,0.04520981339737773,0.0031817837309948095,0.08764468575827777,0.04700300684786058,0.0730798898730427,0.043092676618782515,0.08048796653747559,0.027602408735735995,0.08098741970025003,0.022410354107148475
214__fade16,original,0,fade16,0.07221598806791008,0.0032130877534831755,0.055454835237469524,0.04614238698912549,0.05571200593840331,0.04382595465319611,0.04677139001432806,0.028714557530955205,0.0633794063469395,0.022890343507118886
214__fade32,original,0,fade32,0.03780601031030528,0.0033235092361018747,0.034796374549548474,0.046975951964281844,0.03517370525514707,0.04379979022725047,0.028683334385277703,0.030036596356537836,0.0353923283983022,0.023278260935397668
214__fade8,original,0,fade8,0.13271593023091555,0.0031821528991877296,0.09278267482295632,0.04622518318612968,0.10631449706852436,0.04332066521935819,0.08002060209400952,0.02796744007348746,0.11545048444531858,0.022425566919500362
214__hard_cut,original,0,hard_cut,0.13614404403294125,0.0031153568514559605,0.16628207763036093,0.04697662794773104,0.22899488111337027,0.0426373980501351,0.1507126788298289,0.02703413505391297,0.1871305157740911,0.022065484916033634
219__control,original,0,control,0.010034501863022646,0.00761988106523088,0.020184445815781753,0.03625463692459546,0.030375304631888866,0.032044936587118496,0.017535621921221416,0.019996036005885166,0.01317780620108048,0.017173941511566104
219__dissolve16,original,0,dissolve16,0.018502191931474954,0.004110174887650872,0.027558011647600394,0.03527838778365584,0.02922387532173441,0.039071012894143754,0.03595909813884646,0.0191621871425508,0.036699157557450235,0.01610155816379826
219__dissolve32,original,0,dissolve32,0.011979592469288036,0.003875707625411451,0.030527327242972597,0.03703762614435848,0.025280446279793978,0.04058777812825537,0.025029131894310316,0.0198383086960463,0.031167288136202842,0.016725368738902367
219__dissolve64,original,0,dissolve64,0.008531307721568737,0.003253520584919236,0.021696124036433333,0.036632496000013566,0.019443345642885416,0.042342686907134275,0.016346779952366507,0.019545711162076755,0.02115230767230969,0.01667236772111871
219__dissolve8,original,0,dissolve8,0.03077288717031479,0.004205378713212101,0.04477747591833273,0.0369792604642744,0.05151526480913162,0.041852465646156856,0.050590676721185446,0.019788315114858852,0.060441356617957354,0.016695029897246142
219__fade16,original,0,fade16,0.042065997957251966,0.004112178332045747,0.05406582457098094,0.03532855642633965,0.06097815334796906,0.039270655800208665,0.04991580146764006,0.018796048102249364,0.057193264830857515,0.016179920420575054
219__fade32,original,0,fade32,0.023144560283981264,0.003878906263498825,0.03158710418461726,0.037357734114830864,0.03776662257899131,0.04082971414144354,0.026469958111129958,0.020555078597932028,0.03372084403470639,0.016957984091821074
219__fade8,original,0,fade8,0.07571227848529816,0.004209408365601154,0.08959547181924184,0.038450324830288686,0.12131605669856071,0.0436168392902022,0.10109200452764829,0.020060577228463983,0.09482814697548747,0.01719866620863343
219__hard_cut,original,0,hard_cut,0.0818188195116818,0.004302059201586802,nan,0.035862826245000305,nan,0.03998426999896765,0.3535977564752102,0.019314238182032258,0.28263716648022336,0.016123841402231383
220__control,original,0,control,0.005238082415113847,0.0046376890218737775,0.03999702570339044,0.023598090507745174,0.052882362777988114,0.02872085265254886,0.025220001116394997,0.01462363081878659,0.022134348439673584,0.011990360937858695
220__dissolve16,original,0,dissolve16,0.019299597712233663,0.005810958039449546,0.05952406162396073,0.02772493137654767,0.05457872338593006,0.026405546337239516,0.046442040882539004,0.013623602128840838,0.04604205780196935,0.010462793328311041
220__dissolve32,original,0,dissolve32,0.011690144339809194,0.00594452232518501,0.03627842651621904,0.028897325805356276,0.03925698059902061,0.02488685240059149,0.028584508108906448,0.013703340763525888,0.027530589533853345,0.01068263281746928
220__dissolve64,original,0,dissolve64,0.008018086846277583,0.005805174290964549,0.02919034154183464,0.03263341122391549,0.030716811314050574,0.02459878842981363,0.02022694180777762,0.013749180099164898,0.01873424248333322,0.011268531065434217
220__dissolve8,original,0,dissolve8,0.03363480232656002,0.005749907453653512,0.08264195127412677,0.02762165730336664,0.05449549574404955,0.025403045915981737,0.06832287460565567,0.01323735971750507,0.06512599578127265,0.010163118933780572
220__fade16,original,0,fade16,0.041217788006179035,0.005818071408938725,0.041984282433986664,0.0274229074333279,0.050610301084816456,0.02534693778035891,0.043067401624284685,0.013502228897724988,0.05356749572092667,0.010281056867577859
220__fade32,original,0,fade32,0.02232173336960841,0.005946420633565934,0.023261044261744246,0.027861469352334182,0.02914546080864966,0.0248681219366925,0.022874211528687738,0.013222143986669165,0.028713203049846925,0.010337046876110822
220__fade8,original,0,fade8,0.07361143874004483,0.005757753303073146,0.0776432161219418,0.027284753717574384,0.07783445715904236,0.02549114840017078,0.08363769692368805,0.01339841539329673,0.0948012915905565,0.010223527806013957
220__hard_cut,original,0,hard_cut,0.09617632534354925,0.005719717357197176,0.25528472661972046,0.02794439453233065,0.10134649028380711,0.02453343765869326,0.1632434551914533,0.013434441228420869,0.17426463961601257,0.010363792295180956
227__control,original,0,control,0.0005311929174543669,0.0010477536744181604,0.05439999575416247,0.05469895806311535,0.021852654715379078,0.03895218530867123,0.014829016551326882,0.02149607419081711,0.019131164111968246,0.024082798097663463
227__dissolve16,original,0,dissolve16,0.020538918091915548,0.0011839234308018665,0.08699563494883478,0.058899069453580574,0.07134459330700338,0.04521456012475187,0.06376192823518068,0.027038532451645118,0.059540170594118536,0.023131991024535982
227__dissolve32,original,0,dissolve32,0.011767195101128891,0.0010633432080878224,0.06551912316353992,0.05761646209070566,0.052694148442242295,0.044851870494145345,0.0408040109614376,0.02447835087037549,0.03869205410592258,0.02196597638700543
227__dissolve64,original,0,dissolve64,0.006237822417460848,0.000955533693459901,0.050916097869048826,0.06342516439882191,0.04094614219502546,0.04916541753125123,0.030252142576500773,0.027571396821771156,0.028839201855589636,0.023953857988288457
227__dissolve8,original,0,dissolve8,0.03804460819810629,0.0014048375389622608,0.12450507562607527,0.0606062840922056,0.11202625557780266,0.0471071788940478,0.10127870598807931,0.026355488081085118,0.09503466822206974,0.023034901429504692
227__fade16,original,0,fade16,0.0467298396397382,0.0011806209752216338,0.06498831184580922,0.059622217887488095,0.06201201883959584,0.04612124819665677,0.05368923838250339,0.025281309248490747,0.06805621949024498,0.022873753051101727
227__fade32,original,0,fade32,0.025046721304534003,0.0010700847825768735,0.04572802012966525,0.05711569404229522,0.03900394499942195,0.046464179539464245,0.030382769356947392,0.025760419021799475,0.03832590514502954,0.022459138564808273
227__fade8,original,0,fade8,0.0830251844599843,0.0014075581936127935,0.10911651141941547,0.05791237381253358,0.11333529534749687,0.04364549328031874,0.10098631680011749,0.02593580243462982,0.12116108415648341,0.02233440795208554
227__hard_cut,original,0,hard_cut,0.11392140500538517,0.0014305378023536986,0.24157611032327017,0.06142009268278035,0.1429429998000463,0.04713065088904163,0.19921017438173294,0.027124670030296606,0.21375536421934763,0.023633042713469367
233__control,original,0,control,0.0012983547057956457,0.0012656822134701187,0.0007235061736234153,0.005317344116444813,0.001461583034445842,0.005342915464020966,0.000771052980174621,0.005972416294722372,0.0010547367855906487,0.004444939952224821
233__dissolve16,original,0,dissolve16,0.014497566153295338,0.0014841298316153292,0.04517649530316703,0.024957801918769725,0.037067622877657413,0.027511407958018114,0.03759798582177609,0.016763581395617153,0.03949081845348701,0.014349298879308671
233__dissolve32,original,0,dissolve32,0.00783795167808421,0.0015152468544768233,0.02812170634206268,0.026019514873005183,0.029836991125898014,0.025574183927169175,0.02398931116476888,0.017506501179264763,0.024311191358719952,0.014543427781659532
233__dissolve64,original,0,dissolve64,0.004629197432223009,0.0014979020623617212,0.023519931062764954,0.02944703888543617,0.025278789314648345,0.026109808777321383,0.01995326959513477,0.018070790407761127,0.017869905204861425,0.015920802084490954
233__dissolve8,original,0,dissolve8,0.026698229601606727,0.0014827340164301531,0.07460353802889585,0.023186943677108107,0.06550720489273469,0.026694606225159043,0.062116268556565046,0.016114432586651708,0.068931003799662,0.01369433345558997
233__fade16,original,0,fade16,0.05447945382911712,0.0014868079991536486,0.057536934564510984,0.025010556665315604,0.0657555521465838,0.02782652070474567,0.05000778555404395,0.017153694099425656,0.06260776484850794,0.01462678905128325
233__fade32,original,0,fade32,0.02853168705769349,0.0015180576803435668,0.03509583262105783,0.02784355461327145,0.03990064941060085,0.027057541381258612,0.031321041818176,0.01930340645927133,0.03731517566900168,0.01574436262793218
233__fade8,original,0,fade8,0.09894716762937605,0.0014816101240350756,0.10096865659579635,0.02425441219699129,0.13138860929757357,0.0277962466179467,0.09383125742897391,0.017353443669177265,0.1158893583342433,0.01449326904668425
233__hard_cut,original,0,hard_cut,0.07950608509903152,0.0014762278208809991,0.19162891060113907,0.024823441866501372,0.19259913762410483,0.027422233312066408,0.1576977620522181,0.017235575378497556,0.17665333797534308,0.014403245520228111
249__control,original,0,control,0.003981901643176873,0.0021993901740396554,0.045722669611374535,0.05172779199112822,0.05467050274213155,0.04852740612804448,0.024135939156015713,0.027910754735723645,0.02049041415254275,0.022595970334990296
249__dissolve16,original,0,dissolve16,0.01939102413598448,0.0016987998223890668,0.05690539279021323,0.032124022601705805,0.052287777652963996,0.02682831413981987,0.04102065332699567,0.016890425051368087,0.04049817338818684,0.014148514052667628
249__dissolve32,original,0,dissolve32,0.01093941752333194,0.0014856270008958641,0.04009980981936678,0.03160955778847652,0.03957005908887368,0.027364592089307034,0.02834157779579982,0.016333772076946824,0.02817849995335564,0.013801225374757859
249__dissolve64,original,0,dissolve64,0.0062733385057072155,0.0013604023774281483,0.03575439347332576,0.03205948774702847,0.03155026855529286,0.028172173611925578,0.02241966815563501,0.016853306192735378,0.021605023666779744,0.014142850412860173
249__dissolve8,original,0,dissolve8,0.03453426342457533,0.0018433119473991462,0.08960935240611434,0.03350598503508278,0.08805214380845428,0.02767611299599479,0.06532194837927818,0.01727002084140901,0.06415357580408454,0.014766400542817087
249__fade16,original,0,fade16,0.04332631279248744,0.0016982186735704885,0.048227399005554616,0.03055037207363481,0.04776836052769795,0.025766606410983408,0.039370418060570955,0.01569330375709399,0.05765223712660372,0.013450171255384509
249__fade32,original,0,fade32,0.022861463294248097,0.001484814057148051,0.028554530754204718,0.03158781953402206,0.027511109001352452,0.026835148303030895,0.02312164948671125,0.016890718647892367,0.03087063528073486,0.013782526238009563
249__fade8,original,0,fade8,0.07947030942887068,0.0018431803310942324,0.0793523418251425,0.031770058896556194,0.08417723653838038,0.027450140773555735,0.07312195282429457,0.016588732522601884,0.10301419603638351,0.01434912603990351
249__hard_cut,original,0,hard_cut,0.10528314711215596,0.002028911072495433,0.20560909310976663,0.03238746770499748,0.1701743205388387,0.02785058165342997,0.11764410013953845,0.016044599505267657,0.12463440746068954,0.014343493365509025
255__control,original,0,control,0.0006243113845509166,0.0020386698239944654,0.0205915126328667,0.037217347010559704,0.016742628067731857,0.04162293576666991,0.014927751695116362,0.023247587376163673,0.009809269569814205,0.019787747111029416
255__dissolve16,original,0,dissolve16,0.019692481611855328,0.0015169011544237294,0.07632163329981267,0.031115065780875174,0.055735249421559274,0.03398551303188054,0.06275897065643221,0.01646058787184867,0.06455100752646104,0.01587301763497944
255__dissolve32,original,0,dissolve32,0.010347555566113442,0.0016600147714964167,0.04471050642314367,0.03207897594005897,0.03646418915013783,0.03419040367221353,0.036247389420168474,0.01620152367321753,0.036673927956144325,0.01586138829053647
255__dissolve64,original,0,dissolve64,0.005680598158505745,0.0018534954438853839,0.0368861501920037,0.02710084980353713,0.02967611547501292,0.03278559786690907,0.024979832203825936,0.014557770554992286,0.024117188571835868,0.014728805050253868
255__dissolve8,original,0,dissolve8,0.03727377764880657,0.001449492580922287,0.12182686757296324,0.031563447196842044,0.09067177213728428,0.034020785116464704,0.10350935347378254,0.015980431763874786,0.11298069823533297,0.015769541613875074
255__fade16,original,0,fade16,0.04369162768125534,0.0015236849531257814,0.05914148082956672,0.030659856324454823,0.06453785591293126,0.033654958484423105,0.05341443477664143,0.016066385546102395,0.06746505748014897,0.015674301391485537
255__fade32,original,0,fade32,0.022697470005368814,0.0016653944049753121,0.030789435390503175,0.031730273481586885,0.035786782502327696,0.033921185875547,0.02737323785549961,0.01666528112843804,0.0354114952206146,0.015917810758618617
255__fade8,original,0,fade8,0.0811621192842722,0.0014509125832921348,0.10895954794250429,0.030693106458161597,0.12605467857792974,0.03394342050258372,0.11108231171965599,0.015931718980658566,0.12751295743510127,0.015579429763444775
255__hard_cut,original,0,hard_cut,0.11505492699022095,0.001394822317228842,0.15173879265785217,0.030847098836201733,0.2668514798084895,0.0335761741103636,0.23688874145348868,0.01580799691442211,0.2510096828142802,0.015398788701948093
257__control,original,0,control,0.0014457676249245803,0.004650767278458955,0.0260821171104908,0.03536236127991411,0.02377602302779754,0.027873964269728876,0.015050910723706087,0.01826036857392726,0.012165074391911427,0.013600745792693056
257__dissolve16,original,0,dissolve16,0.014916689018718898,0.0044760122348201795,0.04662954469677061,0.048963774687348346,0.039481456275098026,0.05166587974080472,0.02986909414175898,0.02387676679176613,0.03790596022736281,0.01893876226917271
257__dissolve32,original,0,dissolve32,0.009102282361709513,0.004731197440033329,0.036046868190169334,0.04858101360585498,0.03539404056209605,0.05099829095790441,0.023615036043338478,0.0240230871011214,0.03050518874078989,0.018935636975856006
257__dissolve64,original,0,dissolve64,0.0059371440547693055,0.005771407291335477,0.03354931355352164,0.05060623247515072,0.030745767759071896,0.055228161879561165,0.02481145672936691,0.026686856218359686,0.02354624861618504,0.020714030414819718
257__dissolve8,original,0,dissolve8,0.025687511079013348,0.00444869105053881,0.05038455477915704,0.046968039190228864,0.033580614952370524,0.05046651112167416,0.029929380863904953,0.022133162878621538,0.03514558915048838,0.01801823507071481
257__fade16,original,0,fade16,0.04251418903004378,0.004473346560736847,0.05098109057871625,0.046445117734408785,0.05922416673274711,0.050431999775752856,0.04847282331320457,0.023113060774263536,0.06162221764679998,0.018324069366835564
257__fade32,original,0,fade32,0.02271916312747635,0.004737330838802388,0.03494788864918519,0.05005712589334654,0.03947816725849407,0.052930937076372836,0.027046557210269384,0.02434387767216426,0.034187727331300266,0.019379207066891866
257__fade8,original,0,fade8,0.07576611638069153,0.004447966605856981,0.09139916626736522,0.046251604115372304,0.09940676740370691,0.050475265444801735,0.09343956527300179,0.022463969403861073,0.1093314413446933,0.018103515632819752
257__hard_cut,original,0,hard_cut,0.07389224336172144,0.004427261127186623,0.1749871422847112,0.04715341808653231,0.1914923886458079,0.05300584652508467,0.18773110707600912,0.023855630193947482,0.21060351530710855,0.018845065372554048
278__control,original,0,control,0.0005877039123636981,0.0009979970042368839,0.046916600316762924,0.0417733106523729,0.05132496729493141,0.047030997257363996,0.014357796714951595,0.018230426252496004,0.018790246297915775,0.018227989146075513
278__dissolve16,original,0,dissolve16,0.01519276190083474,0.0010938162856635827,0.03744045726489276,0.038642716041067615,0.0497562579694204,0.045139154649873094,0.033531392458826303,0.01968895867964235,0.026672654144931585,0.018635560078003887
278__dissolve32,original,0,dissolve32,0.008103170242975466,0.0011283007012840745,0.0301703527366044,0.03939642086116618,0.04030335009578736,0.045133872728409435,0.02695582502929028,0.021145549637597353,0.02585733466548845,0.019449188046146655
278__dissolve64,original,0,dissolve64,0.0045515575002355035,0.0011436103102327748,0.03191850679831987,0.03847865286198529,0.032375822435362175,0.04968422680077228,0.024156505904102232,0.02199210966090587,0.021620122930471553,0.020004072768444365
278__dissolve8,original,0,dissolve8,0.02837846614420414,0.0010719532241440705,0.055071990471333265,0.0379865697623327,0.060160089284181595,0.044837249115713546,0.058262347942218184,0.02011361804833795,0.03863026201725006,0.018484272975222888
278__fade16,original,0,fade16,0.045018481847364455,0.0010961812154561715,0.053185557131655514,0.037767370239361324,0.06705737963784486,0.04555231412348238,0.04920350562315434,0.0205325609919597,0.05955921788699925,0.0188106815794085
278__fade32,original,0,fade32,0.023826924923923798,0.001127631229551873,0.026173210178967565,0.03753152831857984,0.03728616070002318,0.04495464768474815,0.024957433342933655,0.020152919631700256,0.03100705915130675,0.018529810341899336
278__fade8,original,0,fade8,0.08065992943011224,0.0010765256029281027,0.09605313744395971,0.03975283010984984,0.10681230248883367,0.047202627938072964,0.09267285233363509,0.02110817272248594,0.10458040609955788,0.01945706802632173
278__hard_cut,original,0,hard_cut,0.0880153580607536,0.0010569238577973318,0.23788156608740488,0.037054125663494,0.2044727032383283,0.044491327679479276,0.2935371845960617,0.019037285123130906,0.26648692786693573,0.01804210272641316
280__control,original,0,control,0.0036778328164170184,0.0025798127223378427,0.013888984530543288,0.022520719657423197,0.01101591189702352,0.020973299941249288,0.008547770014653603,0.012374389342967642,0.008978230878710747,0.012674135107140577
280__dissolve16,original,0,dissolve16,0.02123652445152402,0.0026795329559691594,0.05111291294451803,0.02421100448943602,0.038499161251820624,0.0247526147936299,0.04445521056186408,0.01236449511104616,0.03891377558466047,0.011881365336803267
280__dissolve32,original,0,dissolve32,0.012116303871152923,0.00205934575816413,0.03729972938890569,0.024505244375302875,0.031129491195315495,0.022905204696687817,0.028160312183899805,0.012067303635533256,0.025758685893379152,0.011579456426010564
280__dissolve64,original,0,dissolve64,0.007742949033854529,0.0015752857476896184,0.02815286535769701,0.021723625895736568,0.023358219528745394,0.022367158990552773,0.01955241210089298,0.010625946906987916,0.018218834222352598,0.010473246291406791
280__dissolve8,original,0,dissolve8,0.039193947333842516,0.0026031170894605785,0.08015279239043593,0.024236818859437563,0.06003929674625397,0.02279226699328,0.07236439548432827,0.012185606792955115,0.06313176825642586,0.01150587136093695
280__fade16,original,0,fade16,0.047034565825015306,0.0026839021765694784,0.04642514156876132,0.024060264741775843,0.04362918474362232,0.023920407491053446,0.04586923844181001,0.012169631471002963,0.05315501766745001,0.011535829796627598
280__fade32,original,0,fade32,0.025471102591836825,0.0020755665189781942,0.027148380628204904,0.024860326976825792,0.026588700340653304,0.02339529475175786,0.024149317818228155,0.012511003472114346,0.02862458970048465,0.011707864573289609
280__fade8,original,0,fade8,0.08347815414890647,0.002611144961708494,0.07976106472779065,0.024803561457382464,0.07457304990384728,0.023687345387942687,0.08502435707487166,0.012754938374839824,0.09614673187024891,0.01176697139571597
280__hard_cut,original,0,hard_cut,0.11788865392251562,0.002593354471728316,0.12952926754951477,0.024685955088944726,0.08971757690111797,0.02324888772074115,0.13778209934631983,0.012172043342261686,0.12962551166613898,0.011521020173381273
288__control,original,0,control,0.0014063683532488842,0.0008638875854450231,0.04135151393711567,0.03336768908528769,0.04576026306798061,0.036331416147177,0.0219911706323425,0.021216193436037242,0.021045989201714594,0.017822106021566916
288__dissolve16,original,0,dissolve16,0.020098936976864934,0.003189102200072403,0.08684528258163482,0.04490301994498349,0.0681021285126917,0.05011110049355956,0.08891913900151849,0.020597701190374067,0.07508489210158587,0.02319190812125368
288__dissolve32,original,0,dissolve32,0.01072115174611099,0.003547388916412347,0.049295828241156414,0.045774694036387294,0.05665060013416223,0.04851863511313481,0.04972427524626255,0.021302229482627034,0.04523959432845004,0.023554407523131406
288__dissolve64,original,0,dissolve64,0.0060011608293280005,0.004472149135703644,0.03840622666757554,0.047478152700932696,0.04355915935593657,0.053666223835369405,0.03383217370719649,0.02174628564918583,0.030559842620277777,0.025674961996264754
288__dissolve8,original,0,dissolve8,0.037796569522470236,0.0030414793768327114,0.11265998287126422,0.04602305861273864,0.08831930416636169,0.05101977963302586,0.12527901865541935,0.02101726450449745,0.10344173107296228,0.02363495213642448
288__fade16,original,0,fade16,0.04643477813806385,0.003194905757323106,0.047454998712055385,0.044835411491396936,0.0549306875327602,0.04818341284266953,0.033388484618626535,0.019881317399903335,0.053385798120871186,0.022651234478915778
288__fade32,original,0,fade32,0.024300055083585903,0.0035543270869416066,0.02809342902037315,0.04705092857120794,0.034430897794663906,0.049545125540709875,0.018140835192753002,0.021320793655936487,0.029470540350303054,0.024037571407148038
288__fade8,original,0,fade8,0.08472353173419833,0.0030526079432535414,0.09006037889048457,0.044890389024691134,0.10716376942582428,0.04982198236157765,0.06604519253596663,0.020323272688557638,0.10222716885618865,0.023030768261870015
288__hard_cut,original,0,hard_cut,0.11385661596432328,0.002921152777547585,0.22451102236906686,0.04397195583935511,0.22978167235851288,0.047557455313912894,0.274556040763855,0.02005243409421074,0.2538599769274394,0.02224317685921945
306__control,original,0,control,0.003076839571197828,0.003635162878308003,0.012787484874327978,0.0365140795810306,0.005849649043132861,0.02149139994151606,0.005240739633639653,0.02064932175020103,0.004591186220447223,0.013319077130044037
306__dissolve16,original,0,dissolve16,0.01958580093923956,0.004184527116945213,0.05232602229807526,0.03516122047762269,0.05581987713230774,0.02954832945489189,0.04296656546648592,0.01928012384761812,0.040942929685115814,0.014752791457565374
306__dissolve32,original,0,dissolve32,0.0116689903952647,0.004244651013835408,0.04377997151459567,0.0376703128882352,0.04509282125218306,0.02919549964924996,0.03153238710365258,0.020301208965180593,0.02836787950946018,0.015553668703370053
306__dissolve64,original,0,dissolve64,0.007686806966376025,0.004263893895867196,0.03281545696518151,0.03818830034949563,0.03528657345304964,0.02835475381421433,0.024753805380896665,0.01953668726438826,0.020621068091713823,0.015372238799252293
306__dissolve8,original,0,dissolve8,0.034512067679315805,0.00417046951599889,0.0696603674441576,0.03592859171037269,0.0691661867313087,0.02990041145853497,0.059423030354082584,0.019208418589236366,0.058590449625626206,0.014897503181117343
306__fade16,original,0,fade16,0.033290945168118924,0.004181716828471393,0.0501787640969269,0.03715347032089835,0.057701493438798934,0.029222873265592798,0.04964845743961632,0.020087096143911763,0.05904063890920952,0.015353001997742838
306__fade32,original,0,fade32,0.01761782959511038,0.004245638967780718,0.033919795145911556,0.03339061413987957,0.03533904532741872,0.027213189210314518,0.027985129883745685,0.01894606878691963,0.0328206752310507,0.014351215368757645
306__fade8,original,0,fade8,0.061892165802419186,0.00417613886665922,0.08898581378161907,0.03588015341141203,0.09371091751381755,0.030682899632600246,0.09605188714340329,0.01992164734490887,0.10582386190071702,0.01527173700322909
306__hard_cut,original,0,hard_cut,0.10194088673839967,0.004152158391661942,0.16415011386076608,0.03538499043670373,0.09766422087947528,0.03056314433984048,0.15516620377699533,0.01949573303592565,0.13211491207281748,0.015023776397140602
308__control,original,0,control,0.00016576042495823154,0.0006196541925403881,0.015608086250722408,0.03044189228597334,0.020262686535716057,0.03144001722398956,0.009029452844212452,0.011735881451848831,0.009338869480416179,0.014181756244782927
308__dissolve16,original,0,dissolve16,0.01705496193608269,0.000729196149832117,0.0531485530664213,0.026470216052172688,0.02197136205028404,0.023194813192143893,0.07130972377490252,0.00933934327269208,0.06536263297311962,0.011160915724264042
308__dissolve32,original,0,dissolve32,0.0091578624851536,0.0007207343530782295,0.035632268874906003,0.026148591682999985,0.02085824221096657,0.02260999950505365,0.042449948290595785,0.009092892241803393,0.037264236889313906,0.010999112119684103
308__dissolve64,original,0,dissolve64,0.005084040458314121,0.0006170227079895663,0.031430034956429154,0.02636525465006178,0.021695399546395926,0.022844057733362372,0.025169948021357413,0.008416609597307714,0.024559831341321114,0.010654592992399226
308__dissolve8,original,0,dissolve8,0.03184534050524235,0.0007378054070359867,0.0813909547869116,0.02602639646260991,0.02511161705479026,0.022049417252534884,0.10827222466468811,0.009313865116931632,0.10294413892552257,0.011102813652607504
308__fade16,original,0,fade16,0.03167618822772056,0.0007319933021649067,0.03951895805075765,0.02648493990265918,0.04837298562580889,0.023205914100613987,0.043491504446137697,0.009493610141256336,0.05191937502240762,0.011318848391506568
308__fade32,original,0,fade32,0.01662201869476121,0.0007266379498418998,0.02548423409461975,0.027345302351482813,0.028669360359864577,0.022519689830737294,0.021880648735289773,0.009260956991474605,0.02777738814863066,0.011301177600666281
308__fade8,original,0,fade8,0.05956979445181787,0.0007386063652947914,0.06768770668921727,0.026801240896839683,0.08805516362190247,0.023536892962298012,0.08570495049934834,0.009704957584019852,0.09471007622778416,0.011562324496120348
308__hard_cut,original,0,hard_cut,0.0850850527494913,0.0007351316415193743,0.17232427125175795,0.02550388952338342,nan,0.02255894745486962,0.25395626823107403,0.009122782096787655,0.28042301038901013,0.011042828999175611
314__control,original,0,control,0.0008234590641222894,0.0011100423447314208,0.021265660412609577,0.02008057047486684,0.017680839635431767,0.014128512388567088,0.007885893030713001,0.007447781895634608,0.00783958782752355,0.008512944306673135
314__dissolve16,original,0,dissolve16,0.0268333968706429,0.0010194482236029127,0.02831485337810591,0.030336453412089823,0.03340778037090786,0.018995722130763806,0.04418173083104193,0.01143006631286218,0.03579730534693226,0.010520417324619965
314__dissolve32,original,0,dissolve32,0.014323010458610952,0.001041895611915502,0.02781396011414472,0.029955006215250355,0.027783720186562277,0.020310778026308478,0.028763939684722573,0.011591195337602804,0.02558192578726448,0.011084107069255805
314__dissolve64,original,0,dissolve64,0.007815325792762451,0.0011606355938552455,0.019879258536093403,0.032387248866937376,0.016332741972291842,0.019733364613388073,0.015767070530273486,0.013136291978034106,0.015052188657136867,0.012238692754710262
314__dissolve8,original,0,dissolve8,0.0496792858466506,0.0010062016644787782,0.040347159607335925,0.029408695457318612,0.028538452927023172,0.019648629316204303,0.037706156726926565,0.011041890487897102,0.034744434989988804,0.010362730640498502
314__fade16,original,0,fade16,0.046979631995782256,0.0010207217557975136,0.05487916513811797,0.029444491337008268,0.06497873802436516,0.018248340157900476,0.0597842859569937,0.011141355000255466,0.0664883729768917,0.010284592307091337
314__fade32,original,0,fade32,0.02506521431496367,0.001043736376336658,0.02935276673205437,0.03048300520977241,0.03523552153379687,0.019998239160611712,0.030772865866310894,0.01162619651937536,0.03565979190170765,0.010957225785194629
314__fade8,original,0,fade8,0.08283563097938895,0.0010082757012364833,0.10848624492064118,0.029075668717793247,0.12283413647674024,0.020121547870698746,0.12193173659034073,0.011591133546201629,0.1196455741301179,0.010567214597973067
314__hard_cut,original,0,hard_cut,0.15065282398912436,0.0010168172576429195,0.17778280129035315,0.028639876678333443,0.22843347489833832,0.020526202166673994,0.33706361055374146,0.011055911134462804,0.23641924063364664,0.010292019264898816
319__control,original,0,control,0.004940466955304146,0.00522878672927618,0.018951862429579098,0.021363094949666154,0.029856671889623005,0.03287246245871124,0.014723820301393667,0.011978249776895331,0.011464550780753294,0.011297562038249699
319__dissolve16,original,0,dissolve16,0.02180756174493581,0.005301459127295654,0.028787239221855998,0.02292726860596127,0.02647005917970091,0.025761177843590312,0.03232602518983185,0.014013081149297576,0.024070829735137522,0.01225554619495332
319__dissolve32,original,0,dissolve32,0.013474438135745004,0.005324269404056771,0.021101648977492005,0.022555798990484703,0.024296143528772518,0.026168429140863276,0.02119836295605637,0.01347480743224251,0.01716323193977587,0.012146221679212504
319__dissolve64,original,0,dissolve64,0.009051638429809827,0.005308987843719396,0.02299351852707332,0.020193336497653615,0.023435678682290018,0.023993250988000495,0.01572993631270947,0.01339686643332243,0.014470555375737604,0.01118792897852307
319__dissolve8,original,0,dissolve8,0.03724531037732959,0.005334094221292583,0.04534795368090272,0.022157728540863703,0.038478302769362926,0.026432561338879168,0.05874516302719712,0.01368238409217615,0.03980405814945698,0.01215758679229095
319__fade16,original,0,fade16,0.05400473019108176,0.00530307010286352,0.0332735056290403,0.021742993670680166,0.04166925232857466,0.025336337521066437,0.04293994070030749,0.013507349193955147,0.049760680296458304,0.011740685170471162
319__fade32,original,0,fade32,0.029059797758236527,0.0053297974137139735,0.019643387553514913,0.022026914371085223,0.026024547856650315,0.026025946156373353,0.023623584856977686,0.01359284597304489,0.026207434275420383,0.012037253333790892
319__fade8,original,0,fade8,0.09818548336625099,0.005333592783793941,0.06289370241574943,0.02193282758244177,0.07480424619279802,0.025602206548986334,0.0809024921618402,0.013434824029294154,0.09112752578221262,0.011969652739017867
319__hard_cut,original,0,hard_cut,0.10495070709536473,0.005344542686559133,0.10951779037714005,0.021325265932411363,0.08664687350392342,0.025376457392466963,0.16440794368584952,0.013178674155408202,0.10518049076199532,0.011722319170445899
321__control,original,0,control,0.0017246519758676488,0.0035664564308363123,0.034185050055384636,0.0499998449261095,0.03519312789042791,0.05477905836177327,0.009654087324937185,0.016628873449655534,0.014090976677834988,0.023357842168849657
321__dissolve16,original,0,dissolve16,0.01882661075796932,0.0017144123936587384,0.048403920722194016,0.03993817700018871,0.04246299737133086,0.0452107882886691,0.0281072030775249,0.014968329524051723,0.02973873622249812,0.015995990507557845
321__dissolve32,original,0,dissolve32,0.010289826022926718,0.0017045472612090666,0.04825295938644558,0.038242897715944066,0.03997125837486237,0.045563835126144446,0.020268072083126754,0.014935789619112152,0.023471528140362352,0.015987189981722456
321__dissolve64,original,0,dissolve64,0.005793356132926419,0.001846790085123344,0.039121502994021284,0.03819439712149853,0.03796407685877057,0.0458518332039768,0.015683714547776617,0.015220771518281915,0.018902362920925952,0.015996920647607608
321__dissolve8,original,0,dissolve8,0.035084045957773924,0.001712286963100285,0.07739951927214861,0.0423866610906951,0.06260443245992064,0.046001882372038054,0.04397263191640377,0.015399542238630421,0.04544765502214432,0.016698594320448
321__fade16,original,0,fade16,0.04718398104887456,0.0017202731156360032,0.049469328951090574,0.0422067047773241,0.05421323544578627,0.04611375928829307,0.03840174956712872,0.01604026409987252,0.05427329975645989,0.017248358812580987
321__fade32,original,0,fade32,0.024981933151138946,0.001720410877043895,0.0360556278101285,0.03769145922731319,0.03438166235719109,0.04464888812481672,0.02148031844990328,0.015552362507401869,0.03047006689303089,0.016042265738628204
321__fade8,original,0,fade8,0.08491609524935484,0.001723269600555435,0.0810124627314508,0.04226900693050141,0.09314995515160263,0.04590840513507525,0.06538741709664464,0.015309173043246742,0.09390593552961946,0.016752577101526497
321__hard_cut,original,0,hard_cut,0.10544120652290682,0.0016922435333056503,0.14085596799850464,0.042014160202382037,0.11673169334729512,0.04533903430989486,0.15715955818692842,0.016114159473375876,0.11415018886327744,0.0168322731436909
347__control,original,0,control,0.0006524435981797675,0.0017590365975392762,0.025377086674173672,0.028178436642165405,0.025774292026956875,0.0215835709704907,0.012491748202592134,0.01108180966930685,0.010555233806371689,0.009708387108314467
347__dissolve16,original,0,dissolve16,0.01727708161342889,0.002765687124903124,0.05427019378791253,0.0445514709702286,0.061082094558514655,0.03075179739321754,0.05287463706918061,0.016963409255394368,0.05406568432226777,0.016209962409333263
347__dissolve32,original,0,dissolve32,0.00968075821583625,0.0029041732851437284,0.04323242084994432,0.04492871728244013,0.04269661042781081,0.03126884813837964,0.035297188558615744,0.01575949646789452,0.03460898777120747,0.015519789856291193
347__dissolve64,original,0,dissolve64,0.006209355051396415,0.0025031981090168384,0.038206201726718556,0.046382840248671446,0.034688004561758135,0.03067026493478228,0.0246323793544434,0.016871247211979194,0.02453445628634654,0.01600039418024773
347__dissolve8,original,0,dissolve8,0.03168015507981181,0.0027145553096554133,0.08509360972259726,0.043751555419451485,0.08548306417651474,0.03080082288104202,0.08603703626431525,0.016522540496913967,0.08954403316602111,0.01599163239033104
347__fade16,original,0,fade16,0.046763568418100476,0.002770237095407617,0.045445628464221954,0.0423279377921186,0.05181632627500221,0.02989628905819241,0.051639046461787075,0.016835944641164495,0.055511736776679754,0.015712906450521456
347__fade32,original,0,fade32,0.024365982215385884,0.0029079938533544624,0.02815795331116533,0.04736531333162867,0.029074564486020995,0.029975578119314606,0.02692394220503047,0.017270657603211444,0.03010131993505638,0.01614856451814031
347__fade8,original,0,fade8,0.0856541758403182,0.0027159772470366915,0.09016645194164344,0.046217341340977595,0.0951980275567621,0.03133475194844577,0.1020772298797965,0.017529094755347516,0.10392761696130037,0.016797037728063693
347__hard_cut,original,0,hard_cut,0.09441964576641719,0.00263919995854001,0.15605159600575766,0.04308294862414063,0.17917306224505106,0.02973607737054038,0.16254432996114096,0.01625209449103765,0.16567340741554895,0.015853059197918087
352__control,original,0,control,0.00563433285181721,0.006827037493398381,0.020474324313302834,0.03232495405664865,0.03461852793892225,0.027888195542815946,0.010166819983472427,0.015224922450369823,0.007483113091439009,0.010228182017503275
352__dissolve16,original,0,dissolve16,0.014791912690270692,0.005960358444655549,0.04604575125267729,0.03307078467021941,0.04156250023515895,0.033368909415038464,0.03189503378234804,0.01706731520385201,0.03126564243575558,0.012923156397272517
352__dissolve32,original,0,dissolve32,0.009366351849166676,0.006105453372750988,0.03761683191987686,0.034191575565043535,0.028664351972111035,0.03312498950881177,0.023725568025838584,0.01705455959068033,0.02251270180568099,0.013067619500403431
352__dissolve64,original,0,dissolve64,0.00697820090863388,0.006107582410120152,0.031268734994228,0.035993039252405816,0.028457437052566092,0.03576665588400581,0.018653851191629656,0.01773170897610147,0.01759756120009115,0.01368703774430535
352__dissolve8,original,0,dissolve8,0.025307254632934928,0.005918099368746216,0.05657281633466482,0.032514418470085946,0.051584004424512386,0.03337838465918426,0.04773083492182195,0.016694506080737255,0.04580672108568251,0.0128417640760843
352__fade16,original,0,fade16,0.04158493137219921,0.005959222678691872,0.04654109152033925,0.033910066942747646,0.049877586599905044,0.034209413598608046,0.044950088020414114,0.017499020357064687,0.05224786268081516,0.01321920765184083
352__fade32,original,0,fade32,0.02238679220317863,0.0061111742544962076,0.026536819445027504,0.034333319943826435,0.028115449036704376,0.03418219236699843,0.0264702795248013,0.01689452520068521,0.02878489377326332,0.013085492370093519
352__fade8,original,0,fade8,0.07425519917160273,0.005917698253986535,0.06997545273043215,0.03333137571383771,0.07947501470334828,0.034213348451229905,0.08354139188304543,0.017218804840619367,0.0920594884082675,0.013252969053028538
352__hard_cut,original,0,hard_cut,0.07180495893893142,0.005866979894038858,0.10360682259003322,0.03386487415893066,0.10874295979738235,0.03376314415343863,0.1209604764978091,0.01718685372093282,0.1007903441786766,0.01310430507380831
358__control,original,0,control,0.00141228549182415,0.001301043002690599,0.017386884428560734,0.018416173192297533,0.011781789672871431,0.01679909815696084,0.006797936900208394,0.006425758741620407,0.005994845336923997,0.006179981322375016
358__dissolve16,original,0,dissolve16,0.026875109993852675,0.00552792169997984,0.053586980390052004,0.038504454932284084,0.055150473738710085,0.03589385647882789,0.05097784014651552,0.018391855054837876,0.047040477860718966,0.01756330792118515
358__dissolve32,original,0,dissolve32,0.01625096972566098,0.005562064378393878,0.043203050931615215,0.037222244355281625,0.04048525511978134,0.034261366642808176,0.03480539593147114,0.017757611241507418,0.03163482763920911,0.01680645670597281
358__dissolve64,original,0,dissolve64,0.01097653837496182,0.005138253162361004,0.035723101288553265,0.03989483421954157,0.03232638085896652,0.037818415568802846,0.024803029373288155,0.01994157625806772,0.02271941402432276,0.01841716645285487
358__dissolve8,original,0,dissolve8,0.047177908942103386,0.005516904590573783,0.08974498244268554,0.03582132221220548,0.09647805137293679,0.033572139913795165,0.08353085443377495,0.016917098775560555,0.08031552471220493,0.01630312440233087
358__fade16,original,0,fade16,0.043988307705149055,0.005531557474807537,0.04927367648730675,0.03807331262454752,0.05024138675071299,0.03645294724208601,0.04130835639080033,0.01895238941951284,0.053630434325896204,0.01775999856633541
358__fade32,original,0,fade32,0.023837056825868785,0.005562122771717158,0.03102551065064196,0.038443545475013385,0.03211579086879889,0.03560056822272767,0.024906162201659754,0.019315253317639787,0.02958598879922647,0.01780827731247349
358__fade8,original,0,fade8,0.0787029261700809,0.005524493273303567,0.10270429203020674,0.03583966730149916,0.10138589655980468,0.033594220510667176,0.0801960111130029,0.01779642566065262,0.09858584008179605,0.016769645677938184
358__hard_cut,original,0,hard_cut,0.13780292480563125,0.005469474061224531,0.21349415928125381,0.03757748395496569,0.2822386274735133,0.034331613469876794,0.14779443542162576,0.018989668087145882,0.18741507331530252,0.017415705487187322
367__control,original,0,control,0.0010501009334499638,0.00113941789619522,0.01913333622117837,0.04138062913853762,0.03548717498779297,0.04121017278471993,0.011180251681556305,0.017347357012883965,0.009136943922688564,0.01417979505505034
367__dissolve16,original,0,dissolve16,0.01655073621077463,0.0025671666871769877,0.07014551828615367,0.039567864029803904,0.05876620498020202,0.044087615867769256,0.04281092481687665,0.01866349942634081,0.040839936351403594,0.016798088510150036
367__dissolve32,original,0,dissolve32,0.009500950269284658,0.0026269275032722488,0.045020809018751606,0.040567898293207776,0.042999348195735365,0.04655311560665054,0.028191177669214085,0.01888575353766738,0.026889647386269644,0.01708149586151215
367__dissolve64,original,0,dissolve64,0.006175749978865497,0.0025895427547352897,0.038567875475564506,0.03957171335139058,0.037069080339279026,0.04693005565892566,0.020985429058782756,0.018685176879675552,0.020799057267140597,0.016995567616752603
367__dissolve8,original,0,dissolve8,0.029819772113114595,0.002544737906564396,0.09751399233937263,0.03992915384551124,0.08403369318693876,0.044611690171599924,0.07034625252708793,0.018001985088041104,0.0633293529972434,0.016523272862557222
367__fade16,original,0,fade16,0.04001887608319521,0.002568661308738864,0.052430345909669995,0.03666796002681683,0.055274820886552334,0.042170002776225214,0.0471052723005414,0.01672556952491981,0.05853869183920324,0.015512210802961756
367__fade32,original,0,fade32,0.02100511825119611,0.002634822415394023,0.029782867481117137,0.04060172168645023,0.03161829788587056,0.04632314068704158,0.02523249396472238,0.01759759230196647,0.03143099806038663,0.016697204725324422
367__fade8,original,0,fade8,0.07371757389046252,0.002553022460569418,0.08637945214286447,0.03757703938701836,0.09756430331617594,0.04311411802159824,0.09043058333918452,0.016828212603876316,0.1056724158115685,0.01572188714452021
367__hard_cut,original,0,hard_cut,0.08858207892626524,0.002514617359739239,0.15575890243053436,0.0395652561305955,0.15504779915014902,0.04393216185034963,0.14911012599865595,0.01766494651407919,0.14844832569360733,0.016188986229481398
371__control,original,0,control,0.005412903769562642,0.004879243869208179,0.020697481309374172,0.03511820791896691,0.016919479084511597,0.04098220651385264,0.01931111017862956,0.019883818529798824,0.012454882574578127,0.017707927170272728
371__dissolve16,original,0,dissolve16,0.02341890858951956,0.005200935353624444,0.04736678885916869,0.027967933146551462,0.03756046330090612,0.038014228782743076,0.05526421021204442,0.017392741468762164,0.039939154987223446,0.015001665421047257
371__dissolve32,original,0,dissolve32,0.01424101970042102,0.005153241347864099,0.03001127935825817,0.030122567418810173,0.033169285306939855,0.04016163400320829,0.03418689069803804,0.01809491245771876,0.02426736449706368,0.01576559648624268
371__dissolve64,original,0,dissolve64,0.009802832617424428,0.004929515507749536,0.02561737007469122,0.030947815893556583,0.030683918555951095,0.03706237189683386,0.0217220580088906,0.018530044493011454,0.018742615895462222,0.015473429164425893
371__dissolve8,original,0,dissolve8,0.0409332187846303,0.005195882861494078,0.07086008042097092,0.026193973280175857,0.05202465783804655,0.03831872808752434,0.07451062649488449,0.016408718249294907,0.059054491110146046,0.01440737060342521
371__fade16,original,0,fade16,0.038553039194084704,0.005197769021886645,0.05022945970995352,0.02716462668573972,0.05734966089949012,0.03863912267673725,0.04812338249757886,0.01721713129143927,0.0586572652682662,0.014989799859445289
371__fade32,original,0,fade32,0.021424875390948728,0.00516530857474982,0.02785408281488344,0.03038917611695655,0.036045006456333795,0.03975716090965385,0.026248458540067077,0.018210346731571375,0.03168404167809058,0.015985905440342237
371__fade8,original,0,fade8,0.0669231591746211,0.00519868159280704,0.09281263633498124,0.025196185207433854,0.1021209117025137,0.03753250588134334,0.09453066298738122,0.01682324453072438,0.10705190058797598,0.014266396941919182
371__hard_cut,original,0,hard_cut,0.1202649570380648,0.005199540497230018,0.1739236662785212,0.02686540915244022,0.21120008950432143,0.037527607814053676,0.2190797080596288,0.016860213363543153,0.20710755387941995,0.014601393907638741
376__control,original,0,control,0.002035437811476489,0.0024018438120562017,0.029410012687246006,0.040741162230576375,0.022484630967179935,0.050983846130370464,0.01611016970127821,0.018256332433261607,0.011359045282006264,0.016830220810627027
376__dissolve16,original,0,dissolve16,0.015634994604624808,0.004225912072144232,0.07679920695954934,0.03063213839692977,0.05359019752359018,0.0412100542413559,0.05303346994332969,0.014300377237004707,0.05059376961435191,0.014376432860939248
376__dissolve32,original,0,dissolve32,0.008973594216513447,0.004430852766180861,0.053103108060895465,0.03238061258513159,0.046855795197188854,0.044263042429269386,0.03450884787889663,0.015748602726186316,0.031681219406891614,0.01557693235715316
376__dissolve64,original,0,dissolve64,0.00634162451751763,0.005028355756605213,0.04050589264079463,0.03302979616617614,0.04339207902376074,0.042590037928047504,0.024310275479365373,0.015418591202152046,0.023226458597491728,0.015392118286002766
376__dissolve8,original,0,dissolve8,0.02800485002808273,0.004144661585791959,0.09848809987306595,0.030550442504914694,0.05906288651749492,0.04104327714188142,0.09194192197173834,0.01442628786144023,0.06786864681635052,0.014264053570710727
376__fade16,original,0,fade16,0.04224630881799385,0.00422438676469028,0.04182095977012068,0.03083513586227251,0.050779721699655056,0.0418037994837081,0.05065735708922148,0.014718525269909681,0.05629441107157618,0.01454895011655697
376__fade32,original,0,fade32,0.022544369116076268,0.004437486780272133,0.02592501494913332,0.030480776624432927,0.03446723208312066,0.04226479573100377,0.027795583882834762,0.014934686628095377,0.031085132592124864,0.014774792688502663
376__fade8,original,0,fade8,0.07501323195174336,0.004147028976313032,0.07878494472242892,0.03092680400450345,0.08555864403024316,0.041470624338667675,0.09902343805879354,0.0153717659455766,0.10253026336431503,0.014619072874051493
376__hard_cut,original,0,hard_cut,0.08272332220803946,0.004064768797449641,0.3179058035214742,0.029238359296036603,0.1703223759929339,0.04154994666489567,0.28426961849133175,0.01458322639691533,0.24128350615501404,0.014185796669384434
379__control,original,0,control,0.011656280296544233,0.010021616838935573,0.05749721204241117,0.05646446183071298,0.05675562719504038,0.06063089045396043,0.03733521327376366,0.03331378536393582,0.034441650534669556,0.030678132028019025
379__dissolve16,original,0,dissolve16,0.026398310554213822,0.005625478417111913,0.04285693191923201,0.038608269439332044,0.05804824212100357,0.04317189807081324,0.03376604086952284,0.021622307765867235,0.03968309157062322,0.019461856906311314
379__dissolve32,original,0,dissolve32,0.01592010259628296,0.005567969927455877,0.03907565648842137,0.04117485593961573,0.05057307195966132,0.04253792262304275,0.028788544179406017,0.024859796845536124,0.029971481126267463,0.02104175827283969
379__dissolve64,original,0,dissolve64,0.010769778593385126,0.005303784417496486,0.035208216391765745,0.038506952673196794,0.04057807333447272,0.043227087414230814,0.023177392598881852,0.024063073763285172,0.02331831720948685,0.020853297598659993
379__dissolve8,original,0,dissolve8,0.04541943268850446,0.005624715738949735,0.052725679108074734,0.03770092402391874,0.07522700284607708,0.04210873218337158,0.04818146233446896,0.022166579449968832,0.06001788657158613,0.019419693975365377
379__fade16,original,0,fade16,0.042291793623007834,0.005632475539968458,0.0521584529740115,0.03892970387597831,0.0523768903221935,0.042226843282725045,0.04473177410545759,0.022975481491653446,0.05538375285686925,0.01978088117846586
379__fade32,original,0,fade32,0.02252342735300772,0.005583152697982277,0.02966995838408669,0.03897499524313828,0.03308455348014831,0.043039751067843246,0.026083191987709142,0.023225715580589043,0.030199065964552574,0.020256916598962813
379__fade8,original,0,fade8,0.07908894866704941,0.0056196086280161164,0.10051041322627238,0.04032732737837947,0.09160827426239848,0.041928642781803735,0.08592281781602651,0.02434717648587114,0.10042470367625356,0.020429923257849238
379__hard_cut,original,0,hard_cut,0.13999716999630132,0.005705474120770952,0.18461361527442932,0.03796922658980524,0.3321554760138194,0.04217993593537959,0.1576416715979576,0.021931882403096407,0.1976843203107516,0.019203088339023545
380__control,original,0,control,0.0010064782109111547,0.0012109218731569916,0.017555739109714825,0.0243499707233287,0.014369378797709942,0.023175456539443615,0.011095006329317888,0.010818702898824872,0.007180636593451102,0.008744522100472349
380__dissolve16,original,0,dissolve16,0.012531986692920327,0.004410468174135583,0.04090458294376731,0.021699662509066894,0.04857426381204277,0.02526210635466483,0.04160599014721811,0.01233201329505921,0.03804238932207227,0.009959139438454532
380__dissolve32,original,0,dissolve32,0.0078065065608825535,0.004454722579156488,0.030682697019074112,0.021181830215728146,0.03424653806723654,0.024943966268636715,0.027285526739433408,0.011850296947891,0.02505352010484785,0.009606909994357106
380__dissolve64,original,0,dissolve64,0.006022994655722869,0.004075279522856528,0.025051222750335,0.022219812353564933,0.026336448863730766,0.025767257360910827,0.019667102533276193,0.011863327813758092,0.017924540465173777,0.009847152440554716
380__dissolve8,original,0,dissolve8,0.02153593790717423,0.00438001265682213,0.07137580309063196,0.021199678327795957,0.0779731550719589,0.02566334613187759,0.06942038144916296,0.011506168805230577,0.0663185571320355,0.009656717369400032
380__fade16,original,0,fade16,0.026376097928732634,0.004418636745664752,0.04570404312107712,0.021671666494724386,0.05289500340586528,0.025172370329987512,0.04653009620960802,0.011694530680667139,0.055718629679176956,0.009760110813093562
380__fade32,original,0,fade32,0.014317094988655299,0.004467711868246311,0.02546045843337197,0.021637919378980738,0.029400072191492654,0.02414866340153947,0.02368297486100346,0.011718481278646437,0.02929719939129427,0.009655631345364896
380__fade8,original,0,fade8,0.04733695229515433,0.00438472089333552,0.08550345222465694,0.02217576447622599,0.09172186814248562,0.026643374980939133,0.09377099527046084,0.012364937886092308,0.10124994441866875,0.010110109763404538
380__hard_cut,original,0,hard_cut,0.06303922795147325,0.004312437427253857,0.17633766184250513,0.02189550775259149,0.12739369521538416,0.025700712750144933,0.1714882105588913,0.011982018712087202,0.15976122270027796,0.009866018286290563
381__control,original,0,control,0.007004987138013045,0.006399472445344268,0.05138395850857099,0.05412049265183761,0.06109327202041944,0.07033831155780008,0.017248135215292375,0.024984433962884595,0.01740323721120755,0.021327515728613834
381__dissolve16,original,0,dissolve16,0.022378972731530666,0.0049856238370056,0.06494100275449455,0.04409716472264777,0.05549433099804446,0.0519661946782788,0.05145550996530801,0.02048535319045186,0.03980781545396894,0.017588828016723533
381__dissolve32,original,0,dissolve32,0.014230977685656399,0.00453144540453608,0.05432159767951816,0.040349260721912326,0.048864282289287075,0.05031665384598162,0.033727957314113155,0.019493708552942537,0.028464194940170273,0.01670536486667463
381__dissolve64,original,0,dissolve64,0.00947090477711754,0.004191141812638803,0.04280074132839218,0.04286925079808994,0.041857377873384394,0.05487820440056649,0.02443355722061824,0.020215286018157547,0.021372030256316066,0.017968226799910718
381__dissolve8,original,0,dissolve8,0.0376923531293869,0.005165017286508537,0.08345135161653161,0.044371349623779185,0.05861940607428551,0.05212120070785015,0.0765089113265276,0.02060873107145633,0.057612870121374726,0.01754197438020964
381__fade16,original,0,fade16,0.05964235309511423,0.004987981511750123,0.060925655416212976,0.043413874078361156,0.06339459703303874,0.051281656916208056,0.05955023580463603,0.019990860502624396,0.06787805480416864,0.017316739879620884
381__fade32,original,0,fade32,0.032230217300821096,0.004527541186564185,0.03975619230186567,0.0427190321658192,0.043095678513054736,0.050518540258722745,0.0321911792998435,0.02052790464983247,0.03694022513809614,0.017207685852658815
381__fade8,original,0,fade8,0.1050133015960455,0.0051687439979129545,0.09939050697721541,0.04363589000107872,0.11142507486511022,0.05074450237726843,0.10454633319750428,0.020712957318939337,0.12128208065405488,0.017295254184654704
381__hard_cut,original,0,hard_cut,0.11198061890900135,0.005325972063119634,0.1757476677497228,0.04402566461634459,0.11371554061770439,0.050337352347954854,0.1581574703256289,0.020032806108879336,0.15043999254703522,0.0171747696862193
384__control,original,0,control,0.005564943732072909,0.004925008030545156,0.022625646864374478,0.027099237615495163,0.027122969428698223,0.02593116060499165,0.014434227409462133,0.012064111332203878,0.009449260619779428,0.00843026566366523
384__dissolve16,original,0,dissolve16,0.015598734666127712,0.0030489555934163767,0.05424156051594764,0.03212144543660931,0.05573235813062638,0.03694072042962591,0.041926524485461414,0.01639208361253287,0.03390389680862427,0.012169430430219012
384__dissolve32,original,0,dissolve32,0.009414901200216264,0.0029968992417581893,0.04223857348551974,0.03254282718053323,0.04237216792535037,0.0387937160230231,0.027350412216037512,0.017297184533685787,0.02365978417219594,0.012395675984564525
384__dissolve64,original,0,dissolve64,0.0061131311958888546,0.003120956506410783,0.03767656562558841,0.02680026477795433,0.03604435572924558,0.037545139020816846,0.0218300279811956,0.01446530752053315,0.018553659931058064,0.011039376775310798
384__dissolve8,original,0,dissolve8,0.027121016290038824,0.0030565552197413534,0.0836790562607348,0.032936251126565376,0.08499257662333548,0.037243527796555743,0.06039337068796158,0.016144540790166403,0.051462615840137005,0.01224234297049341
384__fade16,original,0,fade16,0.04240659094648436,0.0030561235972942366,0.04872872502892278,0.031721199218418844,0.056343093630857766,0.036907840031877304,0.046779182623140514,0.016380697827858542,0.060016783652827144,0.01207448573764956
384__fade32,original,0,fade32,0.02287535392679274,0.0030011360174922765,0.030460915237199515,0.03226419989201615,0.03304975544597255,0.03946982614225012,0.02569421663065441,0.016988689823868287,0.0326357285521226,0.012445786156980642
384__fade8,original,0,fade8,0.07600180408917367,0.003059955043214801,0.08248521771747619,0.03227064131784278,0.09401210572104901,0.036701299115881186,0.08945236122235656,0.015869402137861865,0.1085575285833329,0.012063016389236526
384__hard_cut,original,0,hard_cut,0.07779273266593616,0.0031006290257703196,0.14667096734046936,0.033739883799926706,0.1271739055713018,0.03822105027482671,0.1571082572142283,0.01632495682639212,0.12626742323239645,0.012482039026631895
386__control,original,0,control,0.0008193347991133729,0.0007016157269698836,0.03684810052315394,0.04250029673389459,0.01882907624046008,0.03190509093357092,0.005451171891763806,0.010030727427042389,0.00916058182095488,0.013078104081105883
386__dissolve16,original,0,dissolve16,0.04113771999254823,0.0030214371041279485,0.08439747744705528,0.05535406205188302,0.051756507134996355,0.039966162610618236,0.0570405840408057,0.02537469213683773,0.06015477667097002,0.022549321992521725
386__dissolve32,original,0,dissolve32,0.02270071191014722,0.003208868405427088,0.05353762838058174,0.055145541966047096,0.04080567983328365,0.0407383915614979,0.036686778388684615,0.02518990326501515,0.03300968371331692,0.023065359358429568
386__dissolve64,original,0,dissolve64,0.012456196229322813,0.0037129793591289357,0.052803300161031075,0.04582706352865154,0.035939347406383604,0.03754092399030924,0.028878416153020225,0.021519148163497447,0.026618866715580225,0.019768669248812577
386__dissolve8,original,0,dissolve8,0.07682291232049465,0.0030619497582691866,0.11505933478474617,0.05514976010565554,0.07270685024559498,0.039814300189080006,0.07667484786361456,0.026697040757852362,0.07651399029418826,0.02307006776299294
386__fade16,original,0,fade16,0.04861940487171523,0.003022270791686945,0.07905569049762562,0.054309901537247074,0.07833074283553287,0.03958740167645285,0.08009818417485803,0.024915239475305797,0.08782693766988814,0.022315849199692168
386__fade32,original,0,fade32,0.024838262193952687,0.0032074381150746845,0.045901142817456275,0.055458036861543,0.044541843693878036,0.04076528932428223,0.045534078890341334,0.025173292324032592,0.04766208688670304,0.023124192798531604
386__fade8,original,0,fade8,0.09577948378864676,0.003071694403204035,0.13416240038350224,0.055234836489969005,0.13998368207830936,0.03994051498772056,0.1424488490447402,0.026817074360174907,0.15745027386583388,0.02314400900709065
386__hard_cut,original,0,hard_cut,0.23390726748039015,0.0030349197130802212,0.18868426978588104,0.054953722291136695,0.10412007321914037,0.03921714703694491,0.1917607064048449,0.02694000079991075,0.1477538620432218,0.023096818244084716
388__control,original,0,control,0.006709047282735507,0.004532393139663204,0.005783482144276301,0.013207216506863637,0.014705408364534378,0.018264662306616157,0.005095615051686764,0.009798524019677611,0.004321954911574721,0.007710831170008101
388__dissolve16,original,0,dissolve16,0.013892417191527784,0.0035151910509103775,0.04847746924497187,0.01826884832401456,0.03473618378241857,0.03014630021252367,0.05666365946332614,0.010295359774898634,0.0566353207686916,0.011006926193835328
388__dissolve32,original,0,dissolve32,0.009281852908316068,0.0036241035567159663,0.04323189290395627,0.01889552048736335,0.0488977308695515,0.03439470240630925,0.036938004568219183,0.009682121024985233,0.03497750796377659,0.011314595417984649
388__dissolve64,original,0,dissolve64,0.006340953477774747,0.004145000797341874,0.02072214518927715,0.019765652357388964,0.02615260129625147,0.035407956693234155,0.017656423198059202,0.011809150618104136,0.014654628551480446,0.012338240854362746
388__dissolve8,original,0,dissolve8,0.024037526920437813,0.003449969657545758,0.1038414635695517,0.016146977780302114,0.08713678941130638,0.02768376995616334,0.1413670398760587,0.008512353844236696,0.10733962571248412,0.009905568581342703
388__fade16,original,0,fade16,0.027962381718680263,0.003524473578490693,0.046392594231292605,0.019285475728254613,0.04977237875573337,0.03141345081857235,0.04974670964293182,0.010821520981797892,0.05461859022034332,0.011465205901366115
388__fade32,original,0,fade32,0.015072940805112012,0.0036311758214714216,0.025034762732684613,0.018743066269126266,0.02892234974673816,0.03346350572664751,0.023800055059837177,0.010997455141732147,0.028270389782846905,0.011695266322920821
388__fade8,original,0,fade8,0.050558217568323016,0.003461964272680013,0.09237119415774941,0.01748845841123241,0.08881193166598678,0.028592469469915387,0.10090821515768766,0.009771493982600634,0.10024847323074937,0.010611665147137926
388__hard_cut,original,0,hard_cut,0.07176668522879481,0.0033530862863206156,0.24281086027622223,0.017350635823354194,0.31408199667930603,0.028078274699351105,0.31286104023456573,0.008961460451801186,0.2618460754553477,0.010121861895348016
389__control,original,0,control,0.0011524340758721034,0.0011439360377291945,0.021655918409427006,0.03823328398610071,0.04164500224093596,0.0480334146216638,0.02231709783275922,0.021754497796360215,0.014171614311635494,0.015851290853125817
389__dissolve16,original,0,dissolve16,0.015249449468683451,0.003018226102107539,0.05179890157887712,0.03183886605920722,0.06260804692283273,0.03468527255163899,0.0399806487839669,0.016525266099793528,0.03295527712907642,0.0113511693424283
389__dissolve32,original,0,dissolve32,0.009052888679434545,0.0030533720306977204,0.037350724946008995,0.03287055139461982,0.04106045939261094,0.03557993323360195,0.027249879523878917,0.01636773490229215,0.02188798665883951,0.011536005788065237
389__dissolve64,original,0,dissolve64,0.005963893861917313,0.0030762468856251374,0.03488036910130177,0.029657349041239782,0.03694254593574442,0.035153677974912256,0.02274747506453423,0.0162628319283778,0.01842724796733819,0.011163239409639076
389__dissolve8,original,0,dissolve8,0.0268223755992949,0.002994834961944369,0.08497418137267232,0.03370708942010596,0.07827628776431084,0.03521924920648605,0.06192669318988919,0.017548065594825392,0.04869780270382762,0.011770919443586388
389__fade16,original,0,fade16,0.041979818197432905,0.003020797214737542,0.04556105565279722,0.032093024175180104,0.05658084512106143,0.03437669373126429,0.04808087681885809,0.017073134267793118,0.06030913209542632,0.011465889776975494
389__fade32,original,0,fade32,0.022539331708685495,0.0030555807116933852,0.029009152240178082,0.032441887552261184,0.03356656936375657,0.03528968646758418,0.02825613584718667,0.01655808410703622,0.0326069331204053,0.011395791957647294
389__fade8,original,0,fade8,0.07531738374382257,0.0029953930271067867,0.07804475782904774,0.03346936756677858,0.09363779937848449,0.035095235416749575,0.08489259239286184,0.016542009839385346,0.10672098863869905,0.011484977002633182
389__hard_cut,original,0,hard_cut,0.07789264130406082,0.002955895657670858,0.14011807988087335,0.03259144931779069,0.12304661671320598,0.036663559103637174,0.1630451480547587,0.016981503354006652,0.12505497659246126,0.011795968809796466
399__control,original,0,control,0.0011197988254328568,0.000808978598057766,0.02668791636824608,0.03890464657333569,0.029865142578879993,0.02765281477122236,0.020475638409455616,0.016332268521536963,0.013493084659179052,0.012895234323785467
399__dissolve16,original,0,dissolve16,0.01616129040485248,0.0033258895505020774,0.07065949076786637,0.032308489742611975,0.0443275366560556,0.032497858827553905,0.042124634608626366,0.014131802398693358,0.03811542864423245,0.012957543311007683
399__dissolve32,original,0,dissolve32,0.009816159639740363,0.0034755921495098875,0.04387718497309834,0.03480958721825275,0.03214855439728126,0.03380754790750557,0.025224508863175288,0.014534590380458996,0.023706237319856882,0.013611803778672013
399__dissolve64,original,0,dissolve64,0.006304143615125213,0.0037482384719293225,0.03441670165921096,0.03481787738220936,0.026553499948931858,0.036158072000200096,0.0180007467570249,0.015186812284148553,0.017207622127898503,0.014398290445520118
399__dissolve8,original,0,dissolve8,0.027679901104420424,0.003339914732186862,0.10738452058285475,0.032421366567513696,0.06110403873026371,0.032775099305352114,0.07353339483961463,0.014202681999351527,0.06311311176978052,0.01299623340401832
399__fade16,original,0,fade16,0.06532029772643,0.0033293786954283894,0.0618135763797909,0.032355542416747624,0.07079736556624994,0.03279963359055878,0.054860818141605705,0.013978391022249622,0.07283511123387143,0.012944138319529955
399__fade32,original,0,fade32,0.03474952645774465,0.003475090770797547,0.03487568187847501,0.03367061205422399,0.0378724829206476,0.03319082986670493,0.029117041151039302,0.014210429361047244,0.03846770618110895,0.013242483096218657
399__fade8,original,0,fade8,0.1172304896172136,0.0033449826110259267,0.100590028334409,0.032782784889678694,0.12533764843828976,0.032756653178046956,0.10166042880155146,0.013977162019760759,0.13233961793594062,0.012902475952229521
399__hard_cut,original,0,hard_cut,0.08176529421083008,0.003359893657527548,0.24440192679564157,0.03311333483306028,0.13919625679651895,0.03336870398025139,0.1461559236049652,0.014116414921295088,0.13488420844078064,0.01296041731848934
404__control,original,0,control,0.004367126151919365,0.007541983514645342,0.011986557394266129,0.019213813398121185,0.0278465305455029,0.03037302562635455,0.00921142652320365,0.01329531840056623,0.009777880428979794,0.013673383168386831
404__dissolve16,original,0,dissolve16,0.016120078740641475,0.005849878004191497,0.026298266631783918,0.023839294677600265,0.016112975626518682,0.030732556713012598,0.028517022205051035,0.011314076490025488,0.028267280489671975,0.013212587289372007
404__dissolve32,original,0,dissolve32,0.009112488274695352,0.00508341216774933,0.019524069473845884,0.025143721482854535,0.016481861270343266,0.0318774287572168,0.019813595950836316,0.011896634283716437,0.01970409594650846,0.013951943515553728
404__dissolve64,original,0,dissolve64,0.008210769010474905,0.0048064809981786475,0.013919751645516953,0.028108936558419374,0.015132294770615597,0.03558290624377233,0.013070120683551067,0.012360443817636802,0.012932760244439123,0.015337418105760166
404__dissolve8,original,0,dissolve8,0.029193418100476265,0.005623681002075213,0.03991276607848704,0.022558810900968104,0.016525730345165357,0.028642867791974027,0.031867134966887534,0.011145203746383305,0.03568345960229635,0.012630869140143209
404__fade16,original,0,fade16,0.0457440881873481,0.005853172546708662,0.04530440934468061,0.023644444983660525,0.048080502559120455,0.03069467099677567,0.05765275227895472,0.011539879862786479,0.057123527745716274,0.013301436316679138
404__fade32,original,0,fade32,0.02402680116938427,0.0050915955952582775,0.024143949451465762,0.025304824948824686,0.02721010034363116,0.03263778006657958,0.02881576682557352,0.01214396898987992,0.029971266703796573,0.014207989303930395
404__fade8,original,0,fade8,0.0833832782227546,0.0056297110736072235,0.07754366111475974,0.023246963928908668,0.08411667485987502,0.02986704573177613,0.11338417476508766,0.011675244158640952,0.10222201095893979,0.013190988274784087
404__hard_cut,original,0,hard_cut,0.09027356506461122,0.00545898467101062,0.15274826933940253,0.023479968431263196,0.05396313592791557,0.028266018306058575,0.12752968072891235,0.011359989192604157,0.15571782241264978,0.012710943569723217
418__control,original,0,control,0.0012622678962846596,0.0011170331770514721,0.03588849368194739,0.019459904029460278,0.012255607483287653,0.023015368643011583,0.011082457068065802,0.00927671411871847,0.009991475380957127,0.008509642428765863
418__dissolve16,original,0,dissolve16,0.014737954508746043,0.000903757577547261,0.06633990046878656,0.05011683428949378,0.06441674368189913,0.04648626979567038,0.07281066640280187,0.022391183907618222,0.07107885531149805,0.01916788144995576
418__dissolve32,original,0,dissolve32,0.008040640299441293,0.0009018826992893271,0.05051143830942531,0.04907890462220229,0.05641367295456509,0.045095746651634405,0.043641092808684334,0.02196240441167149,0.043149110628291965,0.01855670169916475
418__dissolve64,original,0,dissolve64,0.0044958746402699035,0.0009245624305384064,0.04315806886861249,0.05100892607799985,0.04167395243421197,0.05170165706764568,0.03206475493061589,0.023142339085990733,0.028607983331312425,0.01981906945901838
418__dissolve8,original,0,dissolve8,0.026275550946593285,0.0009042383989671598,0.10822805709072522,0.04923712310322502,0.12658519776804106,0.046366307532062404,0.12653369177132845,0.02180515467147301,0.12606506468728185,0.018953057975080366
418__fade16,original,0,fade16,0.0270966655225493,0.0009077394517360128,0.05416233676175276,0.05135455747921635,0.07593506746567212,0.0469348829474698,0.05712634138762951,0.02257654628291437,0.07465375191532075,0.019353599332779355
418__fade32,original,0,fade32,0.014237192895961925,0.0009029989342215931,0.03567006405709045,0.05036299962057978,0.04931691121309996,0.04576373692259364,0.0309440711280331,0.02299200307749126,0.0413918451522477,0.01903283742160119
418__fade8,original,0,fade8,0.048341948073357344,0.0009059319353918336,0.11229582929185458,0.05014517023605672,0.15668857097625732,0.04651662760187645,0.11311499588191509,0.02217620841923866,0.13810125179588795,0.019180423542353754
418__hard_cut,original,0,hard_cut,0.08218084396018337,0.0009485751053050034,0.19365648925304413,0.04886120940969026,0.15696053206920624,0.04577961907785196,0.22473165889581045,0.022857025865528544,0.31002019842465717,0.019028860093015482
420__control,original,0,control,0.005597282821933429,0.004804009638758281,0.030872218310832977,0.02016904675973958,0.02974051609635353,0.0353074733619736,0.02607295537988345,0.015345097078460317,0.01644458093990882,0.011750905092813516
420__dissolve16,original,0,dissolve16,0.021004973794333637,0.002365730689172814,0.05492342804791406,0.041129494398279634,0.07275740697514266,0.042912604253359354,0.06810412951745093,0.02227683091373409,0.065369073941838,0.016326293193292127
420__dissolve32,original,0,dissolve32,0.011796315986430272,0.0023599885564348287,0.04664492634765338,0.04375126209255875,0.052097024221438915,0.04116335377932109,0.04146450973348692,0.022522164209633422,0.03898523224052042,0.016893230409404242
420__dissolve64,original,0,dissolve64,0.007182079294580035,0.0023889541771495715,0.026562684226871257,0.04188050850418883,0.03685214167489903,0.04047454182397236,0.025742470475961454,0.021936278680170125,0.023436153736838605,0.01622958434322341
420__dissolve8,original,0,dissolve8,0.03778504906222224,0.0023627708860576523,0.05994074059916394,0.04241869394841283,0.08640277618542314,0.043326844661039705,0.08613188797608018,0.021050464527614346,0.0893155608791858,0.016211911530426896
420__fade16,original,0,fade16,0.04323800699785352,0.002358931577476239,0.055804715926448506,0.042239556748294826,0.06170067867885033,0.04317196215801303,0.059150343760848045,0.022732488033406942,0.06506110506597906,0.016696006911851972
420__fade32,original,0,fade32,0.02265218147658743,0.0023638811169845193,0.0370718402788043,0.03925988316233538,0.04129740496476491,0.04046297555618074,0.03266375987732317,0.02165704206483246,0.035879462884622626,0.015757506079008353
420__fade8,original,0,fade8,0.08046107972040772,0.0023720589380392485,0.0948304973010506,0.03928653815727647,0.11549207035984312,0.04174539873515682,0.11021683504804969,0.019750734274107794,0.11804834357462823,0.015389558852876763
420__hard_cut,original,0,hard_cut,0.11205473736238976,0.0024067611679961607,0.21594034507870674,0.042088866743651414,0.1931629969427983,0.04234544138850297,0.2652109314997991,0.02144389327662855,0.2282442326347033,0.016091939312469026
421__control,original,0,control,0.003801554519062241,0.0040680637851483745,0.03328415068487326,0.0330914425995631,0.04638600473602613,0.04779192809828447,0.0119808961947759,0.016504565066405397,0.01650928643842538,0.016676749064295032
421__dissolve16,original,0,dissolve16,0.02277163288090378,0.00367924260671784,0.051969195483252406,0.03427959262753398,0.05494855891447514,0.043672567052603924,0.04573424276895821,0.020486151765652216,0.03521422401536256,0.016692930737564577
421__dissolve32,original,0,dissolve32,0.013218449836131185,0.0038260306999751033,0.036329876427771524,0.03560972432391825,0.04443901858758181,0.04351217919511014,0.029009058780502528,0.019971240352004253,0.024302583071403205,0.0163046853595424
421__dissolve64,original,0,dissolve64,0.007995179847057443,0.0036271019172008064,0.033196037489688024,0.03629432193596255,0.043910580105148256,0.04161110835319216,0.024824042520776857,0.020145165640860795,0.021169137326069176,0.01647887326861647
421__dissolve8,original,0,dissolve8,0.041312073823064566,0.0037036705678244967,0.0687183658592403,0.033016905925988625,0.08136546844616532,0.043371654409277545,0.07794098649173975,0.018677691171818354,0.05557811912149191,0.015835719319429616
421__fade16,original,0,fade16,0.046693306881934404,0.0036972281172672665,0.04266057230415754,0.033493378077287826,0.04708817557548173,0.0416538398012121,0.04754963086452335,0.019667970195177544,0.05421579844551161,0.0160348255196315
421__fade32,original,0,fade32,0.02557527308817953,0.0038157598792586006,0.02659537428553449,0.035173524677252994,0.03317289514961885,0.041925702575893925,0.027154390074429102,0.020042372193059016,0.03019201083225198,0.016355272543070645
421__fade8,original,0,fade8,0.0821693199686706,0.0037047902493410416,0.06834677257575095,0.034951375000837455,0.08374653162900358,0.04314174166951865,0.08344090497121215,0.021180880132240353,0.0953068844974041,0.016780221660680196
421__hard_cut,original,0,hard_cut,0.12185941935361673,0.003667813270960508,0.09947725882132848,0.03410066383095632,0.11259906987349193,0.042299251443059266,0.1754870687921842,0.01896248008242919,0.11288922280073166,0.016020774904449107
422__control,original,0,control,0.004781083669513464,0.0052007795765333,0.04254196770489216,0.054983816827821025,0.036848063891132675,0.03681812529310079,0.03507311704258124,0.0403827783904212,0.02254657881955306,0.028042130322211374
422__dissolve16,original,0,dissolve16,0.05442007211968303,0.0030726954748953503,0.08862483850680292,0.04739976473360603,0.07609490293543786,0.03749530968138749,0.07908287760801613,0.029935228434906713,0.06567104056011885,0.021547942643858564
422__dissolve32,original,0,dissolve32,0.028775838436558843,0.0032541964861467995,0.05615143233444542,0.050122294061142825,0.05272618611343205,0.03761187902298467,0.04829029453685507,0.03237073945588079,0.038729728548787534,0.022651212038365245
422__dissolve64,original,0,dissolve64,0.014957314648199826,0.004112398482605138,0.045596782700158656,0.051299032509665596,0.03757849702378735,0.038400868377224964,0.0335585788852768,0.03370787508955056,0.026895973438513465,0.023461041938174856
422__dissolve8,original,0,dissolve8,0.09634717740118504,0.003255792364356452,0.09992988780140877,0.048656495480991165,0.09418863896280527,0.03746139723807573,0.12372478237375617,0.030144375170002114,0.0929485410451889,0.021691506401308486
422__fade16,original,0,fade16,0.05706688150530681,0.003068220122373726,0.08287259610369802,0.048000983043926436,0.07783030005521141,0.03729819453963377,0.07242238416802138,0.03039676162133952,0.08298332942649722,0.02175913286368245
422__fade32,original,0,fade32,0.029609093435283285,0.0032533396596768765,0.04678165714722127,0.05088868666568707,0.04477966569538694,0.03826072766049497,0.03840366251824889,0.03225559540007306,0.044628475021454506,0.02282913799943595
422__fade8,original,0,fade8,0.09636739722918719,0.003254823761610398,0.13788531627506018,0.04939757675133847,0.13433911418542266,0.03771110428161584,0.13273825217038393,0.03026719134183483,0.14652602700516582,0.02187958372303763
422__hard_cut,original,0,hard_cut,0.2902627143776044,0.003914720104549522,0.27378154794375104,0.05105082915653869,0.13055714468161264,0.03923617756404614,0.2546525498231252,0.03173000243555565,0.18904884407917658,0.022892157207795624
423__control,original,0,control,0.005669174715876579,0.006054913155513548,0.04804041236639023,0.0243883076246228,0.022939014869431656,0.020901956054839795,0.01822289451956749,0.017180306982975138,0.015162508003413677,0.013500901957247721
423__dissolve16,original,0,dissolve16,0.01621770072961226,0.003457832208510208,0.050040479050949216,0.022344117374973174,0.049905519699677825,0.021062867584846264,0.035417639766819775,0.01474530525161948,0.03569794713985175,0.01177298710726708
423__dissolve32,original,0,dissolve32,0.00995561586751137,0.0034219740873909204,0.03840978810330853,0.021952644114960628,0.031840335665037856,0.021658616466982954,0.022995970270130783,0.015009960231917172,0.02344393206294626,0.011826209456328002
423__dissolve64,original,0,dissolve64,0.00676031448165304,0.0033454962069465015,0.02676930670713773,0.022892599473495714,0.022765939153032377,0.022236810400235382,0.017941059413715266,0.013662746476686813,0.017060190759366378,0.011696388602087443
423__dissolve8,original,0,dissolve8,0.028015226125717163,0.0034591757784427674,0.08425042126327753,0.021730360767997062,0.0832394496537745,0.019834447303904337,0.05028168763965368,0.013962543312552478,0.05821303720586002,0.011276140712570768
423__fade16,original,0,fade16,0.03806103765964508,0.003462700352685309,0.03610407037194818,0.022385234901290477,0.04290745873004198,0.02070483625459584,0.031543801713269204,0.014864181163856417,0.047770063392817974,0.011669659012820102
423__fade32,original,0,fade32,0.020474086079047993,0.0034339701329978802,0.024575315568654332,0.022063085023212064,0.02392889438488055,0.021687951971958767,0.018751023104414344,0.015146514721985522,0.026085719422553666,0.011893559504171898
423__fade8,original,0,fade8,0.06824807333759964,0.003467432358684983,0.06437493546400219,0.021724583220307354,0.07234322582371533,0.019920378323510155,0.05770125752314925,0.014260307743071436,0.08645846601575613,0.011311825624927207
423__hard_cut,original,0,hard_cut,0.08030097873415798,0.00347539975460307,0.166715477903684,0.02175478505363325,0.16918880740801492,0.019591172450711413,0.16559148579835892,0.014302552056151554,0.16085350016752878,0.011409727850597415
425__control,original,0,control,0.0027198089131464562,0.0024741540302352792,0.07447692627708118,0.055368537434487275,0.07205589612325032,0.04401660132640183,0.03499528455237547,0.02325493650968676,0.03649393158654372,0.022826217043892306
425__dissolve16,original,0,dissolve16,0.018640045076608658,0.001277018149690793,0.04197940474841744,0.04484724745751151,0.04694564832607284,0.041270462533875,0.036620837461669,0.020706785114897975,0.042121205013245344,0.018370078487810002
425__dissolve32,original,0,dissolve32,0.010802490272908472,0.0011233519638979529,0.04098786611951167,0.04400740326221647,0.0401035419575149,0.04314072432274791,0.026198376843240112,0.02150053135387,0.03020429948810488,0.019066924197149688
425__dissolve64,original,0,dissolve64,0.006608916744880844,0.001013876893557608,0.034727486287010834,0.04217334310100837,0.03529672257354832,0.0421344055370851,0.01976646432740381,0.020410940508273516,0.023147889696701895,0.018789600149135697
425__dissolve8,original,0,dissolve8,0.03324284451082349,0.0014388802805328155,0.04081488773226738,0.046524365390608974,0.04075486562214792,0.04151566864436006,0.03582082502543926,0.020863199984101025,0.04723965935409069,0.018744438106345164
425__fade16,original,0,fade16,0.03797207784373313,0.001278556926567017,0.06663283903617412,0.04486735523181054,0.06242513982579112,0.041267355632724115,0.05993365531321615,0.021289267016628994,0.07044937065802515,0.01868255082879541
425__fade32,original,0,fade32,0.02020577284565661,0.0011343544940517723,0.04263035946836074,0.041307820585267295,0.039467418814698854,0.040992682114586065,0.030986671859864146,0.021903615434193748,0.038614741890341975,0.018525325184709382
425__fade8,original,0,fade8,0.06875851983204484,0.001444074699680346,0.1163972127251327,0.04626809292984707,0.1268017990514636,0.040645578112621025,0.11172113986685872,0.021256348252430692,0.12759940838441253,0.0187530475207143
425__hard_cut,original,0,hard_cut,0.09888515419637163,0.001491429768374458,0.17752612133820853,0.046084965322703376,0.23952217400074005,0.04027826492122169,0.1776392956574758,0.020645470342646213,0.22319992383321127,0.01834220813697804
429__control,original,0,control,0.01042157287398974,0.004869846643394617,0.014477502554655075,0.026412928642673514,0.040915222062418856,0.028107089270695537,0.014987802443404993,0.015025159951804553,0.010875684053947529,0.011724211569575562
429__dissolve16,original,0,dissolve16,0.024612882058136165,0.006603327382850976,0.06897027803851026,0.02586597895706909,0.06024130329024047,0.023115717123677385,0.050699933839496225,0.014457954398556431,0.05303946998901665,0.010560323275146482
429__dissolve32,original,0,dissolve32,0.01335806684801355,0.007504061941624801,0.03746263754243652,0.027321447379390833,0.03715443317196332,0.025067501296637172,0.03298735497810412,0.015822800696591966,0.03247983040637337,0.011789581871554041
429__dissolve64,original,0,dissolve64,0.008233624044805765,0.009663926040626724,0.03305980512232054,0.023642618358876048,0.02826451289729448,0.020115343858593735,0.023577561980346218,0.01252425937352448,0.022270783134445082,0.009636163560737094
429__dissolve8,original,0,dissolve8,0.04462463781237602,0.006273680349795131,0.10845178365707397,0.02564338292021447,0.07603182177990675,0.022565137102860677,0.08654178003780544,0.014307464738816928,0.08732292824424803,0.010608673678173029
429__fade16,original,0,fade16,0.060229777125641704,0.006608485098977944,0.05290793476160616,0.024985411912214137,0.049981962831225246,0.02137935283646531,0.05433460511267185,0.013968962679834114,0.0581209278316237,0.010125389353437712
429__fade32,original,0,fade32,0.031311139959143475,0.0075133378736557035,0.028004546078943437,0.02357912217296965,0.029799115693857594,0.021282159899302554,0.030663552111946046,0.013639778258739275,0.03112563441391103,0.010155645761626838
429__fade8,original,0,fade8,0.1113566905260086,0.006276094409226028,0.08651073067449033,0.026680695946508733,0.09328377270139754,0.023766405125849183,0.1059974622912705,0.015323709258662856,0.10489923134446144,0.011153075237195258
429__hard_cut,original,0,hard_cut,0.13385253822586188,0.0061587085449176255,0.18772933383782706,0.02839225573663529,0.25698258479436237,0.0245278485163461,0.3038846055666606,0.01557188616277279,0.21880139410495758,0.011472438799732334
445__control,original,0,control,0.000679827353451401,0.0011832561925738277,0.01474952402835091,0.019524872026954267,0.01833276559288303,0.024256965011541762,0.008375199201206366,0.006514076661267732,0.008777951976905266,0.008798568771576896
445__dissolve16,original,0,dissolve16,0.010118353646248579,0.0009329961229243443,0.03254968504188582,0.020127043097496973,0.03856659552548081,0.027809162943757328,0.021898998063988984,0.007758374620925238,0.02133094286546111,0.008803389900368502
445__dissolve32,original,0,dissolve32,0.006267744087381288,0.0007415636912277289,0.023959141806699336,0.019226910146327967,0.034499334811698645,0.02528086223583682,0.014848545601125807,0.00773298348388474,0.015010881135822274,0.008607321241188088
445__dissolve64,original,0,dissolve64,0.0035673271959240083,0.0007264170962364666,0.01961433160249726,0.020839552242118357,0.024884901705263474,0.02597539832720279,0.01077664869808359,0.008299674741680396,0.011058701071306132,0.009155398009038022
445__dissolve8,original,0,dissolve8,0.0187756537925452,0.0010743950364370787,0.053256187587976456,0.019559334350282093,0.049206538358703256,0.02691905772778088,0.03582049394026399,0.007905468887435523,0.03316591400653124,0.008809907388609104
445__fade16,original,0,fade16,0.0358366560540162,0.0009342346407384928,0.051365242834435776,0.020251162298045175,0.05447112399269827,0.026416556400875476,0.05033929808996618,0.0076195303937284615,0.059219804825261235,0.008796243673361142
445__fade32,original,0,fade32,0.01920737646287307,0.0007429335407020213,0.028508751289336942,0.01922903236854104,0.03668508031842066,0.025351766804305953,0.0270525012165308,0.0077058933694524444,0.032113069035403896,0.008677223097498197
445__fade8,original,0,fade8,0.06463977880775928,0.0010802566576203717,0.09117381658870727,0.019902457341788807,0.09316210343968123,0.02751099982016787,0.09068270679563284,0.007764915624631596,0.10599189635831863,0.008813489806696223
445__hard_cut,original,0,hard_cut,0.0563751884571199,0.0010390836197707281,0.10592369735240936,0.018783337096002946,0.09553254892428716,0.02622344680756954,0.08731107413768768,0.007251630752222608,0.08219692359368007,0.008339817013928935
452__control,original,0,control,0.004188451450318098,0.004523222956222372,0.01777902462830146,0.02205808448281644,0.027110882103443146,0.04328818012707693,0.012412738054990768,0.010126546916149367,0.012599749490618706,0.013241369859315455
452__dissolve16,original,0,dissolve16,0.016203373263124377,0.007764120233579747,0.030019885000701133,0.026092098800926604,0.049932736965517206,0.0382100054587337,0.05140960786957294,0.013238268450029123,0.0463230456225574,0.01307328804893401
452__dissolve32,original,0,dissolve32,0.011665160796837881,0.007817157145439723,0.024428771327024902,0.027022406490969247,0.03401760469257299,0.041368193089448176,0.029784789352561347,0.013306406104466182,0.027487566614581738,0.013553631928182024
452__dissolve64,original,0,dissolve64,0.009434786574274767,0.008056059424680743,0.02351290381011495,0.024776210610500792,0.03035581178846769,0.035839948989450934,0.01685381321294699,0.014123564226214181,0.01775151186120638,0.013381630317731336
452__dissolve8,original,0,dissolve8,0.024552330607548356,0.007729341171111341,0.047819625320179124,0.024846675486916357,0.061034331913106143,0.03768227418028825,0.07616172451525927,0.01336316629900253,0.06828170269727707,0.012847780205963834
452__fade16,original,0,fade16,0.029152031405828893,0.007757144453438017,0.04014239431126043,0.02577692551031998,0.04342896642629057,0.03726620028627295,0.05088805838022381,0.012599249883527749,0.050951910961885005,0.012949737270353633
452__fade32,original,0,fade32,0.016713764416635968,0.007820546830436963,0.02434035925374877,0.02494465924756623,0.029340196460966143,0.040542246998641,0.02710265935456846,0.01297402795907324,0.028267913119634613,0.01325825603421906
452__fade8,original,0,fade8,0.05101310298778117,0.007719734264118178,0.0688368771225214,0.02521644659373943,0.08239767118357122,0.03895610554127006,0.09800657676532865,0.01324146477346149,0.09247921570204198,0.013074024735639492
452__hard_cut,original,0,hard_cut,0.06366767051319282,0.007673608470644991,0.15899282693862915,0.02495968367280912,0.13816231302917004,0.03782498696818948,0.1893498177329699,0.01266191083931964,0.1674630045890808,0.012764299437364216
454__control,original,0,control,0.0017665837658569217,0.002378565904001658,0.05771534889936447,0.04558792097841279,0.0315719706316789,0.042288971251918606,0.018237474995354813,0.023330717694835138,0.015467019751667976,0.01815492979850683
454__dissolve16,original,0,dissolve16,0.019420644151978195,0.0017221376301412182,0.06331843230873346,0.041073563781961656,0.06173172766963641,0.03706722041632691,0.06254302535671741,0.022391042816309988,0.06038090609945357,0.01673564155247979
454__dissolve32,original,0,dissolve32,0.01063530138344504,0.0018037383349434387,0.04684801879920997,0.04132484468272164,0.045071660133544356,0.0360436829926992,0.039088218938559294,0.02156055455521584,0.0373645834333729,0.016401417430318976
454__dissolve64,original,0,dissolve64,0.005899267918721307,0.0022921376357606443,0.04221379424780025,0.04062186008986001,0.03788999620155664,0.036055451576513325,0.029688733775401488,0.022333525161957368,0.027180472679901868,0.017015328238697044
454__dissolve8,original,0,dissolve8,0.03632179368287325,0.0016671139331978142,0.10611596563830972,0.04129626996520758,0.10499898876462664,0.03724036001713594,0.10653622029349208,0.020594425220986375,0.10360882803797722,0.016378218969875562
454__fade16,original,0,fade16,0.04655451467260718,0.0017281093809005433,0.0599638563580811,0.04207547497985041,0.07306656788568944,0.038319899859946695,0.06286812713369727,0.021962833025117486,0.07240507437381893,0.016946080500752782
454__fade32,original,0,fade32,0.024525196000467986,0.0018170038121083387,0.03912202659393511,0.04171391901665065,0.042527949677840356,0.03709323472516001,0.0351193756214343,0.021368861757085026,0.03981374984141439,0.016776278205537076
454__fade8,original,0,fade8,0.08455602126196027,0.0016850214054323482,0.11432862840592861,0.04133341000393098,0.13607820635661483,0.0373442858370516,0.12971924198791385,0.021072149806108477,0.1317459847778082,0.016624178076141957
454__hard_cut,original,0,hard_cut,0.11014877040482436,0.0016077622552121145,0.2715007985631625,0.04014185733707933,0.2531083822250366,0.03773202858589021,0.2786444326241811,0.020331758316665477,0.25870715578397113,0.01647766495197005
